구분,국가,대학,항목,값,문제
커버리지,AUSTRALIA,University of Newcastle,최소GPA,담당자 이메일 문의,미확보(문의/확인필요)
커버리지,AUSTRALIA,University of the Sunshine Coast,최소GPA,담당자 이메일 문의,미확보(문의/확인필요)
커버리지,AUSTRALIA,The Australian National University,최소학점,확인필요,미확보(문의/확인필요)
커버리지,AUSTRALIA,The Australian National University,최대학점,확인필요,미확보(문의/확인필요)
커버리지,BELGIUM,University of Liege,최소GPA,담당자 이메일 문의,미확보(문의/확인필요)
커버리지,BELGIUM,KU Leuven,최소GPA,담당자 이메일 문의,미확보(문의/확인필요)
커버리지,BRAZIL,University of Sao Paulo,어학요건,담당자 이메일 문의,미확보(문의/확인필요)
커버리지,CANADA,York University,어학요건,담당자 이메일 문의,미확보(문의/확인필요)
커버리지,CANADA,University of Saskatchewan,최소GPA,담당자 이메일 문의,미확보(문의/확인필요)
커버리지,CANADA,Universite du Quebec a Montreal(UQAM),최소GPA,담당자 이메일 문의,미확보(문의/확인필요)
커버리지,CANADA,Universite du Quebec a Montreal(UQAM),어학요건,담당자 이메일 문의,미확보(문의/확인필요)
커버리지,CANADA,Universite du Quebec a Montreal(UQAM),최소학점,확인필요,미확보(문의/확인필요)
커버리지,CANADA,Universite du Quebec a Montreal(UQAM),최대학점,확인필요,미확보(문의/확인필요)
커버리지,CANADA,Simon Fraser University,최소GPA,담당자 이메일 문의,미확보(문의/확인필요)
커버리지,CANADA,Simon Fraser University,어학요건,담당자 이메일 문의,미확보(문의/확인필요)
커버리지,CANADA,University of British Columbia(UBC),최소GPA,담당자 이메일 문의,미확보(문의/확인필요)
커버리지,CANADA,University of British Columbia(UBC),어학요건,담당자 이메일 문의,미확보(문의/확인필요)
커버리지,CANADA,University of British Columbia(UBC),최소학점,확인필요,미확보(문의/확인필요)
커버리지,CANADA,University of British Columbia(UBC),최대학점,확인필요,미확보(문의/확인필요)
커버리지,CANADA,University of Toronto,최소GPA,담당자 이메일 문의,미확보(문의/확인필요)
커버리지,CANADA,University of Toronto,최소학점,확인필요,미확보(문의/확인필요)
커버리지,CANADA,University of Toronto,최대학점,확인필요,미확보(문의/확인필요)
커버리지,CHINA,Communication University of China,최소GPA,담당자 이메일 문의,미확보(문의/확인필요)
커버리지,CHINA,Huazhong University of Science and Technology,최소GPA,담당자 이메일 문의,미확보(문의/확인필요)
커버리지,CHINA,Shandong University,최소GPA,담당자 이메일 문의,미확보(문의/확인필요)
커버리지,CHINA,Shandong University,어학요건,담당자 이메일 문의,미확보(문의/확인필요)
커버리지,CHINA,Shandong University,최소학점,확인필요,미확보(문의/확인필요)
커버리지,CHINA,Shandong University,최대학점,확인필요,미확보(문의/확인필요)
커버리지,CHINA,"Renmin Business School, Renmin University of China",어학요건,담당자 이메일 문의,미확보(문의/확인필요)
커버리지,CHINA,BEIJING NORMAL UNIVERSITY,최소학점,확인필요,미확보(문의/확인필요)
커버리지,CROATIA,University of Zagreb,최소GPA,담당자 이메일 문의,미확보(문의/확인필요)
커버리지,DENMARK,University of Southern Denmark,최소GPA,담당자 이메일 문의,미확보(문의/확인필요)
커버리지,DENMARK,University of Southern Denmark,완료학기,확인필요,미확보(문의/확인필요)
커버리지,DENMARK,Technical University of Denmark (DTU),최소GPA,담당자 이메일 문의,미확보(문의/확인필요)
커버리지,DENMARK,University of Copenhagen,최소GPA,담당자 이메일 문의,미확보(문의/확인필요)
커버리지,DENMARK,Roskilde University,최소GPA,담당자 이메일 문의,미확보(문의/확인필요)
커버리지,DENMARK,Roskilde University,어학요건,담당자 이메일 문의,미확보(문의/확인필요)
커버리지,DENMARK,Roskilde University,최소학점,확인필요,미확보(문의/확인필요)
커버리지,DENMARK,Roskilde University,최대학점,확인필요,미확보(문의/확인필요)
커버리지,DENMARK,Aalborg University,최소GPA,담당자 이메일 문의,미확보(문의/확인필요)
커버리지,FINLAND,University of Vaasa,최소GPA,담당자 이메일 문의,미확보(문의/확인필요)
커버리지,FINLAND,University of Lapland,최소GPA,담당자 이메일 문의,미확보(문의/확인필요)
커버리지,FINLAND,Turku University of Applied Sciences,최소GPA,담당자 이메일 문의,미확보(문의/확인필요)
커버리지,FINLAND,Turku University of Applied Sciences,어학요건,담당자 이메일 문의,미확보(문의/확인필요)
커버리지,FRANCE,Sup Biotech,최소학점,확인필요,미확보(문의/확인필요)
커버리지,FRANCE,ISC Paris Group,최소GPA,담당자 이메일 문의,미확보(문의/확인필요)
커버리지,FRANCE,Jean Moulin University Lyon 3,최소GPA,담당자 이메일 문의,미확보(문의/확인필요)
커버리지,FRANCE,Rennes School of Business,최소GPA,담당자 이메일 문의,미확보(문의/확인필요)
커버리지,FRANCE,Rennes School of Business,최소학점,담당자 이메일 문의,미확보(문의/확인필요)
커버리지,FRANCE,Rennes School of Business,최대학점,담당자 이메일 문의,미확보(문의/확인필요)
커버리지,FRANCE,Emlyon Business School,최소GPA,담당자 이메일 문의,미확보(문의/확인필요)
커버리지,FRANCE,KEDGE Business School,최소GPA,담당자 이메일 문의,미확보(문의/확인필요)
커버리지,FRANCE,EPF School of Engineering,최소GPA,담당자 이메일 문의,미확보(문의/확인필요)
커버리지,FRANCE,Toulouse Business School,최소GPA,담당자 이메일 문의,미확보(문의/확인필요)
커버리지,FRANCE,ECE Paris,최소GPA,담당자 이메일 문의,미확보(문의/확인필요)
커버리지,GERMANY,University of Wuppertal,최소GPA,담당자 이메일 문의,미확보(문의/확인필요)
커버리지,GERMANY,University of Wuppertal,어학요건,담당자 이메일 문의,미확보(문의/확인필요)
커버리지,GERMANY,University of Wuppertal,최소학점,확인필요,미확보(문의/확인필요)
커버리지,GERMANY,University of Wuppertal,최대학점,확인필요,미확보(문의/확인필요)
커버리지,GERMANY,University of Mannheim,최소GPA,담당자 이메일 문의,미확보(문의/확인필요)
커버리지,GERMANY,University of Rostock,최소GPA,담당자 이메일 문의,미확보(문의/확인필요)
커버리지,GERMANY,Leuphana University Luneburg,최소GPA,담당자 이메일 문의,미확보(문의/확인필요)
커버리지,GERMANY,Goethe University Frankfurt,최소GPA,담당자 이메일 문의,미확보(문의/확인필요)
커버리지,GERMANY,Osnabruck University of Applied Sciences,최소GPA,담당자 이메일 문의,미확보(문의/확인필요)
커버리지,GERMANY,Free University of Berlin,어학요건,담당자 이메일 문의,미확보(문의/확인필요)
커버리지,GERMANY,Ludwig Maximilian University of Munich,최소GPA,담당자 이메일 문의,미확보(문의/확인필요)
커버리지,GERMANY,Furtwangen University,최소GPA,담당자 이메일 문의,미확보(문의/확인필요)
커버리지,GERMANY,Frankfurt School of Finance and Management,최소GPA,담당자 이메일 문의,미확보(문의/확인필요)
커버리지,GERMANY,Berlin School of Economics and Law,최소GPA,담당자 이메일 문의,미확보(문의/확인필요)
커버리지,GERMANY,Friedrich–Alexander University,최소GPA,담당자 이메일 문의,미확보(문의/확인필요)
커버리지,GERMANY,Friedrich–Alexander University,최소학점,확인필요,미확보(문의/확인필요)
커버리지,HONG KONG,City University of Hong Kong,최소GPA,담당자 이메일 문의,미확보(문의/확인필요)
커버리지,ITALY,University of Verona,최소GPA,담당자 이메일 문의,미확보(문의/확인필요)
커버리지,ITALY,Polytechnic University of Milan,최소학점,확인필요,미확보(문의/확인필요)
커버리지,ITALY,Polytechnic University of Milan,최대학점,확인필요,미확보(문의/확인필요)
커버리지,JAPAN,Shinshu University,최소GPA,담당자 이메일 문의,미확보(문의/확인필요)
커버리지,JAPAN,Shinshu University,어학요건,담당자 이메일 문의,미확보(문의/확인필요)
커버리지,JAPAN,Kyoto University,어학요건,담당자 이메일 문의,미확보(문의/확인필요)
커버리지,JAPAN,Kyoto University,최소학점,담당자 이메일 문의,미확보(문의/확인필요)
커버리지,JAPAN,Kyoto University,최대학점,담당자 이메일 문의,미확보(문의/확인필요)
커버리지,JAPAN,Kyoto University,완료학기,담당자 이메일 문의,미확보(문의/확인필요)
커버리지,JAPAN,Toyo University,완료학기,확인필요,미확보(문의/확인필요)
커버리지,NETHERLANDS,Radboud University,최소GPA,담당자 이메일 문의,미확보(문의/확인필요)
커버리지,NORWAY,University of Bergen,최소GPA,담당자 이메일 문의,미확보(문의/확인필요)
커버리지,NORWAY,University of Bergen,최대학점,확인필요,미확보(문의/확인필요)
커버리지,PERU,Pontifical Catholic University of Peru,최소GPA,담당자 이메일 문의,미확보(문의/확인필요)
커버리지,SPAIN,Autonomous University of Barcelona,최소GPA,담당자 이메일 문의,미확보(문의/확인필요)
커버리지,SPAIN,University of Deusto,최소GPA,담당자 이메일 문의,미확보(문의/확인필요)
커버리지,SPAIN,IE University,최소GPA,담당자 이메일 문의,미확보(문의/확인필요)
커버리지,SWEDEN,Halmstad University,최소GPA,담당자 이메일 문의,미확보(문의/확인필요)
커버리지,SWEDEN,Linnaeus University,최소GPA,담당자 이메일 문의,미확보(문의/확인필요)
커버리지,SWITZERLAND,University of Applied Sciences and Arts Northwestern Switzerland,최소GPA,담당자 이메일 문의,미확보(문의/확인필요)
커버리지,SWITZERLAND,ZHAW Zurich University of Applied Sciences,최소GPA,담당자 이메일 문의,미확보(문의/확인필요)
커버리지,SWITZERLAND,University of Bern,최소GPA,담당자 이메일 문의,미확보(문의/확인필요)
커버리지,TURKEY,Hacettepe University,최소학점,확인필요,미확보(문의/확인필요)
커버리지,TURKEY,Hacettepe University,최대학점,확인필요,미확보(문의/확인필요)
커버리지,TURKEY,Ankara University,최소GPA,담당자 이메일 문의,미확보(문의/확인필요)
커버리지,TURKEY,Bogazici University,최소GPA,담당자 이메일 문의,미확보(문의/확인필요)
커버리지,TURKEY,Bogazici University,어학요건,담당자 이메일 문의,미확보(문의/확인필요)
커버리지,TURKEY,Bogazici University,최대학점,확인필요,미확보(문의/확인필요)
커버리지,UNITED KINGDOM,University of Exeter,최소학점,확인필요,미확보(문의/확인필요)
커버리지,UNITED KINGDOM,University of the West of England(UWE Bristol),최소GPA,담당자 이메일 문의,미확보(문의/확인필요)
커버리지,UNITED KINGDOM,University of Central Lancashire,최소GPA,담당자 이메일 문의,미확보(문의/확인필요)
커버리지,UNITED KINGDOM,Birmingham City University,최소GPA,담당자 이메일 문의,미확보(문의/확인필요)
커버리지,UNITED STATES,"University at Albany, State University of New York(SUNY)",최소GPA,확인필요,미확보(문의/확인필요)
커버리지,UNITED STATES,"University at Albany, State University of New York(SUNY)",최소학점,확인필요,미확보(문의/확인필요)
커버리지,UNITED STATES,"University at Albany, State University of New York(SUNY)",최대학점,확인필요,미확보(문의/확인필요)
커버리지,UNITED STATES,Boise State University,최소GPA,담당자 이메일 문의,미확보(문의/확인필요)
커버리지,UNITED STATES,Boise State University,최소학점,담당자 이메일 문의,미확보(문의/확인필요)
커버리지,UNITED STATES,Boise State University,최대학점,담당자 이메일 문의,미확보(문의/확인필요)
커버리지,UNITED STATES,Boise State University,완료학기,담당자 이메일 문의,미확보(문의/확인필요)
커버리지,UNITED STATES,The University of Texas at Austin,최소GPA,담당자 이메일 문의,미확보(문의/확인필요)
