국가,대학명,지원가능 전공(SKKU),해외대학 수학 전공,최소 GPA,완료 학기 수,최소 학점,최대 학점,위치(도심 거리),수업 언어,어학 요건,특징,출처 요약,참고 링크,문의 이메일
AUSTRALIA,The University of Melbourne,경영대학,교환학생 수용하는 모든 학과 개방,제한 없음/명시 없음,2학기 이상,37.5 credit points,50 credit points,도시 — 멜버른 도심에 위치,영어,IELTS 6.5점 이상 (전 밴드 6.0) 또는 TOEFL iBT 79점 이상,도심 도보권 캠퍼스 · GPA 요건 없음 · QS 최상위권 종합대,GPA:시트 · 어학:웹 · 수업언어:시트 · 전공:시트 · 위치:AI추정,https://study.unimelb.edu.au/how-to-apply/international-exchange-and-study-abroad-applications,belinda.price@unimelb.edu.au
AUSTRALIA,University of Newcastle,모든 전공,교환학생 수용하는 모든 학과,담당자 이메일 문의,2학기 이상,30~40 units (3~4과목),50 units (5과목),준도시 — 소도시 뉴캐슬 시내 (시드니에서 기차 약 2시간 10분),영어,IELTS 6.0점 이상 (전 밴드 6.0) 또는 TOEFL iBT 64점 이상 또는 Duolingo 110점 이상 또는 PTE 50점 이상 (학부 기준),,GPA:이메일문의 · 어학:웹 · 수업언어:시트 · 전공:시트 · 위치:AI추정,https://www.newcastle.edu.au/study/international/study-with-us/study-abroad-and-exchange,study-abroad@newcastle.edu.au
AUSTRALIA,Swinburne University of Technology,모든 전공,교환학생 수용하는 모든 학과,제한 없음/명시 없음,2학기 이상,37.5 credit points,50 credit points,준도시 — 멜버른 도심까지 트램 약 25분,영어,IELTS 6.0점 이상 또는 TOEFL iBT 64점 이상 또는 PTE Academic 50점 이상,GPA 요건 없음 · ELICOS 및 준비 과정 제공 · 공학 및 기술 특성화,GPA:시트 · 어학:시트 · 수업언어:시트 · 전공:시트 · 위치:AI추정,https://www.swinburne.edu.au/courses/planning-your-future/study-abroad-in-melbourne/student-exchange-program/,exchange@swin.edu.au
AUSTRALIA,University of Western Australia(UWA),모든 전공,교환학생 수용하는 모든 학과,0.0/4.0,1학기 이상,18 UWA credit points (22.5 ECTS),24 UWA credit points (30 ECTS),준도시 — 퍼스 도심까지 버스 약 15분,영어,IELTS 6.5점 이상 또는 TOEFL iBT 79점 이상,160+ 학생 클럽 보유 · QS 세계 77위 종합대,GPA:시트 · 어학:웹 · 수업언어:웹 · 전공:시트 · 위치:AI추정,https://www.uwa.edu.au/study/discover-uwa/student-exchange/inbound,
AUSTRALIA,The University of New South Wales,모든 전공,교환학생 수용하는 모든 학과,3.0/4.0,2학기 이상,18 UoC,24 UoC,준도시 — 시드니 도심까지 기차 약 15분,영어,TOEFL 90점 이상 또는 IELTS 6.5점 이상,트라이메스터제 학사일정 · QS 세계대학랭킹 19위 종합대,GPA:시트 · 어학:웹 · 수업언어:시트 · 전공:시트 · 위치:AI추정,https://www.unsw.edu.au/study/international-students/study-abroad#studentexchange,exchange@unsw.edu.au
AUSTRALIA,Queensland University of Technology,경영대학,교환학생 수용하는 모든 학과 개방,2.5/4.0,2학기 이상,36 QUT credits (22.5 ECTS),48 QUT credits (30 ECTS),도시 — 브리즈번 도심에 위치,영어,IELTS 6.5점 이상 (전 밴드 6.0) 또는 TOEFL iBT 79점 이상,도심 도보권 캠퍼스 · 호주 내 실용적 교육 강점,GPA:시트 · 어학:웹 · 수업언어:시트 · 전공:시트 · 위치:AI추정,https://www.qut.edu.au/study/international/apply-for-study-abroad,stae@qut.edu.au
AUSTRALIA,University of Technology Sydney,모든 전공,교환학생 수용하는 모든 학과,2.5/4.0,확인필요,18 credit points,24 credit points,도시 — 시드니 도심에 위치,영어,IELTS 6.5점 이상 또는 TOEFL iBT 79점 이상 또는 PTE 58점 이상,도심 도보권 캠퍼스 · 150+ 학생 동아리 및 과외 프로그램 · 호주 1위 젊은 대학(2024 THE),GPA:웹 · 어학:웹 · 수업언어:시트 · 전공:시트 · 위치:AI추정,https://www.uts.edu.au/for-students/international/study-abroad-exchange-uts,studyabroad.exchange@uts.edu.au
AUSTRALIA,University of the Sunshine Coast,모든 전공,교환학생 수용하는 모든 학과,담당자 이메일 문의,1학기 이상,3과목,4과목,준도시 — 소도시 선샤인코스트 시내 (브리즈번에서 기차 또는 버스 약 90분),영어,TOEFL iBT 79점 이상 또는 IELTS 6.0점 이상 또는 PTE Academic 54점 이상,"트라이메스터제 운영(2월-6월, 7월-11월)",GPA:이메일문의 · 어학:웹 · 수업언어:시트 · 전공:시트 · 위치:AI추정,https://edit.usc.edu.au/international/global-learning,global@usc.edu.au
AUSTRALIA,The Australian National University,모든 전공,교환학생 수용하는 모든 학과,4.0/7.0,제한 없음,확인필요,확인필요,준도시 — 캔버라 도심까지 버스 약 15분,영어,IELTS 6.5점 이상 또는 TOEFL iBT 80점 이상 또는 PTE Academic 64점 이상 또는 Cambridge C1 Advanced,OSHC(해외학생 건강보험) 필수 가입,GPA:시트 · 어학:웹 · 수업언어:시트 · 전공:시트 · 위치:AI추정,https://study.anu.edu.au/apply/applying-exchange-anu,global.programs@anu.edu.au
AUSTRIA,"FHS, Kufstein Tirol University of Applied Sciences",모든 전공,교환학생 수용하는 모든 학과,제한 없음/명시 없음,명시 없음,21 ECTS (증감 시 홈교 확인),30 ECTS,"준도시 — 소도시·마을(쿠프슈타인) 소재, 인스브루크에서 기차 약 50분",영어,명시 없음,비영어권이지만 전 과정 영어 수업 · GPA 요건 없음 · 버디 프로그램 운영 · 교환학생 필수 오리엔테이션 및 교환페어 참석,GPA:시트 · 어학:시트 · 수업언어:웹 · 전공:시트 · 위치:AI추정,https://www.fh-kufstein.ac.at/en/international/exchange-students,iro@fh-kufstein.ac.at
AUSTRIA,University of Vienna,모든 전공,교환학생 수용하는 모든 학과,제한 없음/명시 없음,2학기 이상,16 ECTS,제한 없음,도시 — 빈 도심에 위치,"독일어, 영어",수업언어 CEFR B2 이상 (독문학은 독일어 C1),도심 도보권 캠퍼스 · GPA 요건 없음 · 기숙사 미보장·조기신청 필요 · 전담 오리엔테이션·멘토링,GPA:시트 · 어학:시트 · 수업언어:웹 · 전공:시트 · 위치:AI추정,international.univie.ac.at/non-eu-in,non-eu-exchange@univie.ac.at
AUSTRIA,Vorarlberg University of Applied Sciences,모든 전공,교환학생 수용하는 모든 학과,제한 없음 (홈교 기준),3학기 이상,18 ECTS,30 ECTS,준도시 — 소도시 도르비른 시내 (브레겐츠에서 버스 약 50분),영어,영어 CEFR B2 이상,비영어권이지만 전 과정 영어 수업 · GPA 요건 없음 · Welcome Week 제공 · 18~30 ECTS 학점 선택 가능,GPA:시트 · 어학:시트 · 수업언어:웹 · 전공:시트 · 위치:AI추정,https://www.fhv.at/incomings/english-courses,exchange@fhv.at
AUSTRIA,MCI Management Center Innsbruck,모든 전공,교환학생 수용하는 모든 학과,제한 없음/명시 없음,4학기 이상 (학부) / 2학기 (대학원),명시 없음,30 ECTS,준도시 — 소도시 인스브루크 시내 (빈에서 기차 약 5시간),영어,SKKU 어학확인서 인정,비영어권이지만 전 과정 영어 수업 · 공인 어학성적 없이 지원 가능 · 오리엔테이션 프로그램 제공 · 연 400명+ 교환학생 수용,GPA:시트 · 어학:시트 · 수업언어:시트 · 전공:시트 · 위치:AI추정,https://www.mci4me.at/en/international/exchange-incoming,incoming@mci.edu
AUSTRIA,"University of Applied Sciences Upper Austria, Steyr Campus",모든 전공,교환학생 수용하는 모든 학과 개방,2.0/4.0,2학기 이상,20 ECTS,30 ECTS,준도시 — 소도시 슈타이어 시내 (린츠에서 기차 약 80분),영어,SKKU 어학확인서 인정 (B1 이상),비영어권이지만 전 과정 영어 수업 · 공인 어학성적 없이 지원 가능 · 공학·경영 특성화,GPA:시트 · 어학:시트 · 수업언어:시트 · 전공:시트 · 위치:AI추정,https://drive.google.com/open?id=1BJALvqm3SMEu9pqwMalzXcjExdjd1Vjv,international@fh-steyr.at
BELGIUM,ICHEC Brussels Management School,경영대학,교환학생 수용하는 모든 학과,제한 없음/명시 없음,4학기 이상,명시 없음,30 ECTS,준도시 — 브뤼셀 도심까지 지하철 약 15분,"프랑스어, 영어",명시 없음,GPA 요건 없음 · 연 200명+ 교환학생 수용 · 유럽연합 학생 무료 건강보험 적용 · 경영·경영관리 특성화,GPA:시트 · 어학:시트 · 수업언어:웹 · 전공:시트 · 위치:AI추정,https://www.ichec.be/en/incoming-students,kristien.minet@ichec.be
BELGIUM,Free University of Brussels (ULB),경영대학,교환학생 수용하는 모든 학과,제한 없음/명시 없음,5학기 이상,5 ECTS (1과목),30 ECTS,준도시 — 브뤼셀 도심까지 지하철 약 15분,영어,명시 없음,비영어권이지만 전 과정 영어 수업 · GPA 요건 없음 · 학생 클럽 Cercle Solvay가 교환학생 대상 사회·커리어 이벤트 주최 · 경영 트리플크라운 인증(AACSB·AMBA·EQUIS) 보유,GPA:시트 · 어학:시트 · 수업언어:웹 · 전공:시트 · 위치:AI추정,https://sbsem.ulb.be/international/incoming-students,anne.georges@ulb.be
BELGIUM,University of Liege,경영대학,교환학생 수용하는 모든 학과,담당자 이메일 문의,4학기 이상,10 ECTS (+프랑스어 야간강좌),30 ECTS,도시 — 리에주 도심에 위치,영어,IELTS 6.0점 이상,도심 도보권 캠퍼스 · 비영어권이지만 전 과정 영어 수업 · HEC 캠퍼스 근처 사설 기숙사 · 버디 프로그램 및 국제학생 전용 클럽 운영,GPA:이메일문의 · 어학:시트 · 수업언어:웹 · 전공:시트 · 위치:AI추정,https://www.programmes.uliege.be/cocoon/20252026/programmes/GZERAS01_B.html,mbequet@uliege.be
BELGIUM,KU Leuven,경영대학,교환학생 수용하는 모든 학과 개방,담당자 이메일 문의,3학기 이상,18 ECTS,33 ECTS,준도시 — 소도시 루벤 시내 (브뤼셀에서 기차 약 45분),영어,영어 CEFR B2 이상 (석사 C1),"비영어권이지만 전 과정 영어 수업 · 오리엔테이션 & 버디 프로그램 · 캠퍼스별 전공 특성 차이 (안트베르펜·브뤼셀-경영 실무, 루벤-경제·금융 분석) · 벨기에 최대 종합대",GPA:이메일문의 · 어학:시트 · 수업언어:시트 · 전공:시트 · 위치:AI추정,https://feb.kuleuven.be/eng/international/coming-to-feb-ku-leuven/informationforincomingstudents,internationaloffice.feb@kuleuven.be
BRAZIL,Unisinos University,모든 전공,교환학생 수용하는 모든 학과 개방,6.0/10.0,2학기 이상,16 Unisinos credits,제한 없음,준도시 — 소도시 상 레오폴두 시내 (포르투알레그리에서 버스 약 30분),포르투갈어,공인성적 불요,공인 어학성적 없이 지원 가능 · 100% 온라인 수업 옵션 제공 · 50년 전통 종합대학,GPA:시트 · 어학:시트 · 수업언어:웹 · 전공:시트 · 위치:AI추정,Our new website is in development. Students can verify academic offer by the UNISINOS main website.,internacional@unisinos.br
BRAZIL,University of Sao Paulo,모든 전공,교환학생 수용하는 모든 학과,2.25/4.5,홈교 기준,홈교 기준,홈교 기준,준도시 — 상파울루 도심까지 지하철 약 25분,포르투갈어,담당자 이메일 문의,학점 인정 가이드라인 및 성적 환산 기준 제공 · 브라질 최대 국립 종합대학,GPA:시트 · 어학:이메일문의 · 수업언어:웹 · 전공:시트 · 위치:AI추정,https://internationaloffice.usp.br/en/index.php/institutional/usp-units-offices/,mobility.area3@usp.br
BRAZIL,UNICAMP (University of Campinas),모든 전공,교환학생 수용하는 모든 학과 개방,5.0/10.0,2학기 이상,15 credits,32 credits,준도시 — 캄피나스 도심까지 버스 약 25분,포르투갈어,명시 없음,학부 과정 무료(등록금·월비 없음) · 공학·의학·자연과학 강점,GPA:시트 · 어학:시트 · 수업언어:웹 · 전공:시트 · 위치:AI추정,https://internationaloffice.unicamp.br/en/estrangeiros/estudantes-estrangeiros/formas-de-ingresso/,derime@unicamp.br
CANADA,Okanagan College,모든 전공,교환학생 수용하는 모든 학과(협정교 교환프로그램 홈페이지 또는 Fact Sheet 참고),60/100,1~2학기 이상,9 credits (3과목),15 credits (5과목),준도시 — 소도시 켈로나 시내 (밴쿠버에서 버스+기차 약 300분),영어,Duolingo 105점 이상 또는 TOEFL iBT 79점 이상 또는 IELTS 6.0점 이상,비영어권이지만 전 과정 영어 수업 · 교내 기숙사·홈스테이·개인 숙소 선택 가능 · 국제교육팀 지원 및 오리엔테이션 제공 · 의료보험 필수·교통비 월 $65~$208,GPA:시트 · 어학:웹 · 수업언어:시트 · 전공:시트 · 위치:AI추정,https://www.okanagan.bc.ca/international/mobility/inbound-mobility,mobility@okanagan.bc.ca
CANADA,Toronto Metropolitan University,미디어커뮤니케이션학과/디자인학과,Faculty of Communication&Design: Graphic Communication Management,2.5/4.0,4학기 이상,25 credits,30 credits,도시 — 토론토 도심에 위치,영어,IELTS 6.5점 이상 또는 TOEFL iBT 92점 이상 또는 MELAB 90점 이상 또는 PTE 60점 이상,도심 도보권 캠퍼스 · 비영어권이지만 전 과정 영어 수업 · 기숙사 미보장·조기신청 필요 · 전담 Academic Coordinator 지원,GPA:시트 · 어학:시트 · 수업언어:웹 · 전공:시트 · 위치:AI추정,https://www.torontomu.ca/the-creative-school/international/exchanges/inbound/,exchange@torontomu.ca
CANADA,York University,모든 전공,교환학생 수용하는 모든 학과 개방,2.5/4.0,2학기 이상,9 York credits,15 York credits,준도시 — 토론토 도심까지 버스 약 30분,"영어, 프랑스어",담당자 이메일 문의,65세 이상 수강생 $100 행정 수수료 · 영어·프랑스어 이중 언어 교육,GPA:시트 · 어학:이메일문의 · 수업언어:웹 · 전공:시트 · 위치:AI추정,https://yorkinternational.yorku.ca/global-learning/incoming-global-learning/explore-academic-exchange/,exchange@yorku.ca
CANADA,University of Saskatchewan,모든 전공,교환학생 수용하는 모든 학과 개방,담당자 이메일 문의,4학기 이상,9 credit units (3과목),15 credit units (5과목),도시 — 서스캐처원 도심에 위치,영어,IELTS 6.5점 이상 또는 TOEFL iBT 80점 이상 또는 Duolingo 120점 이상,도심 도보권 캠퍼스 · 비영어권이지만 전 과정 영어 수업 · 교내 기숙사 미보장 · 국제학생지원센터(ISSAC) 운영,GPA:이메일문의 · 어학:웹 · 수업언어:웹 · 전공:시트 · 위치:AI추정,https://students.usask.ca/international/exchange-students.php,issac@usask.ca
CANADA,Universite du Quebec a Montreal(UQAM),경영대학,교환학생 수용하는 모든 학과,담당자 이메일 문의,제한 없음,확인필요,확인필요,도시 — 몬트리올 도심에 위치,프랑스어,담당자 이메일 문의,"도심 도보권 캠퍼스 · 트라이메스터제 운영(겨울 2027 지원 접수) · 경영 트리플크라운 인증(AACSB, EQUIS, AMBA 보유)",GPA:이메일문의 · 어학:이메일문의 · 수업언어:웹 · 전공:시트 · 위치:AI추정,https://esg.uqam.ca/international/,esg.international@uqam.ca
CANADA,University of Manitoba,경영대학,교환학생 수용하는 모든 학과,Good standing (수치 기준 없음),2학기 이상,12 credits,15 credits,준도시 — 위니펙 도심까지 버스 약 15분,영어,IELTS 6.5점 이상 또는 TOEFL iBT 80점 이상 또는 CAEL 60점 이상,비영어권이지만 전 과정 영어 수업 · 일부 파트너국 저비용 숙소 · 전체 과정 지원 · 65+ 영어 사용 파트너교,GPA:시트 · 어학:웹 · 수업언어:시트 · 전공:시트 · 위치:AI추정,https://umanitoba.ca/asper/student-experience/asper-exchange-program#inbound-students-coming-to-asper,amber.pohl@umanitoba.ca
CANADA,Simon Fraser University,경영대학,모든 학과 개방,담당자 이메일 문의,제한 없음,9 SFU units (3과목),"18 SFU units (4~5과목, 비권장)",준도시 — 버너비 도심까지 버스 약 45분,영어,담당자 이메일 문의,비영어권이지만 전 과정 영어 수업 · 필수 보험(Guard.Me) 및 교통비(U-Pass) 납부 · 캐나다 밴쿠버 소재 종합대,GPA:이메일문의 · 어학:이메일문의 · 수업언어:시트 · 전공:시트 · 위치:AI추정,https://www.sfu.ca/students/exchange.html,exchange@sfu.ca
CANADA,Memorial University of Newfoundland,모든 전공,교환학생 수용하는 모든 학과,2.5/4.0,2학기 이상,6 credits,15 credits,준도시 — 소도시 세인트존스 시내 (핼리팩스에서 버스+기차 약 3시간),영어,IELTS 6.5점 이상 (R·W 6.0) 또는 TOEFL iBT 4.5점 이상 (신척도) 또는 Duolingo 115점 이상 또는 PTE 60점 이상,비영어권이지만 전 과정 영어 수업 · 캐나다 북대서양 연안에 위치한 종합대학,GPA:시트 · 어학:웹 · 수업언어:시트 · 전공:시트 · 위치:AI추정,https://mun.ca/goabroad/,goabroad@mun.ca
CANADA,University of British Columbia(UBC),모든 전공,교환학생 수용하는 모든 학과,담당자 이메일 문의,제한 없음,확인필요,확인필요,준도시 — 밴쿠버 도심까지 버스 약 25분,영어,담당자 이메일 문의,비영어권이지만 전 과정 영어 수업 · 교내 기숙사 신청 가능·수요 높음·조기신청 필요 · 도착 체크리스트·학생 서비스 제공 · QS 세계 40위권 종합대,GPA:이메일문의 · 어학:이메일문의 · 수업언어:시트 · 전공:시트 · 위치:AI추정,https://global.ubc.ca/go-global/coming-ubc/coming-ubc-exchange,(UBC Vancouver) go.global@ubc.ca (UBC Okanagan) goglobal.okanagan@ubc.ca
CANADA,University of Toronto,모든 전공,교환학생 수용하는 모든 학과 개방(의·약·법·경영 일부 제한),담당자 이메일 문의,제한 없음,확인필요,확인필요,도시 — 토론토 도심에 위치,영어,TOEFL iBT 80점 이상 또는 IELTS 6.5점 이상,도심 도보권 캠퍼스 · 비영어권이지만 전 과정 영어 수업 · 기숙사 미보장·경쟁적 신청 필요 · 여름 학기 기숙사 보장,GPA:이메일문의 · 어학:웹 · 수업언어:웹 · 전공:시트 · 위치:AI추정,https://learningabroad.utoronto.ca/inbound-visiting/student-exchange-fact-sheet/,inbound.exchange@utoronto.ca
CANADA,University of Montreal,모든 전공,대부분 학부 개방(공학/경영 제외),2.7/4.3,2학기 이상 (학부) / 1학기 (대학원),12 credits (학부),15 credits (학부),준도시 — 몬트리올 도심까지 지하철 약 15분,프랑스어,프랑스어 CEFR B2 이상 (영문학 전공은 영어 B2),연 1000명+ 교환학생 수용 · 프랑스어 B2 이상 필수 · 캐나다 프랑스어권 종합대,GPA:시트 · 어학:웹 · 수업언어:웹 · 전공:웹 · 위치:AI추정,https://international.umontreal.ca/english/international-students/student-exchange-program/,echange@umontreal.ca
CANADA,HEC Montreal,모든 전공,교환학생 수용하는 모든 학과,2.3/4.3,2학기 이상,12 credits (4과목),15 credits (5과목),준도시 — 몬트리올 도심까지 지하철 약 15분,"프랑스어, 영어",명시 없음,"연 4,000명+ 국제학생 수용 · 최소 12학점(4과목) 필수 등록, 최대 15학점(5과목)+언어 3학점 · 경영 트리플크라운 인증",GPA:시트 · 어학:시트 · 수업언어:웹 · 전공:시트 · 위치:AI추정,https://www.hec.ca/en/students/international-exchanges/index.html,elodie.giannecchini@hec.ca
CHINA,Communication University of China,모든 전공,교환학생 수용하는 모든 학과,담당자 이메일 문의,2학기 이상,홈교 기준,12 credits,준도시 — 베이징 도심까지 지하철 약 30분,"중국어, 영어",TOEFL iBT 80점 이상 또는 IELTS 6.0점 이상 또는 HSK 5급 이상,미디어·커뮤니케이션 분야 특성화 국립대,GPA:이메일문의 · 어학:시트 · 수업언어:시트 · 전공:시트 · 위치:AI추정,,yjunli@cuc.edu.cn
CHINA,Huazhong University of Science and Technology,모든 전공,모든 학과 개방(협정교 프로그램 참조),담당자 이메일 문의,1학기 이상,전공별 상이,전공별 상이,준도시 — 우한 도심까지 버스 약 30분,"중국어, 영어",TOEFL iBT 80점 이상 또는 IELTS 6.0점 이상 또는 HSK 4급 180점 이상 (이공·의학) / HSK 5급 180점 (인문·사회),교내 기숙사 700-1400 CNY/월 · 보험 800 CNY/년 필수 · 공학·의학 특성화 국립대,GPA:이메일문의 · 어학:시트 · 수업언어:시트 · 전공:시트 · 위치:AI추정,https://iso.hust.edu.cn/info/1194/4633.htm,vivianyan@hust.edu.cn
CHINA,Shandong University,모든 전공,교환학생 수용하는 모든 학과,담당자 이메일 문의,제한 없음,확인필요,확인필요,준도시 — 지난 도심까지 버스 약 30분,영어,담당자 이메일 문의,비영어권이지만 전 과정 영어 수업 · 글로벌 파트너 200개교 이상,GPA:이메일문의 · 어학:이메일문의 · 수업언어:시트 · 전공:시트 · 위치:AI추정,http://www.en.sdu.edu.cn/,incoming@sdu.edu.cn
CHINA,"Renmin Business School, Renmin University of China",경영대학,교환학생 수용하는 모든 학과,3.0/4.0,제한 없음,제한 없음,제한 없음,준도시 — 베이징 도심까지 지하철 약 30분,영어,담당자 이메일 문의,비영어권이지만 전 과정 영어 수업 · 경영 트리플크라운 인증,GPA:시트 · 어학:이메일문의 · 수업언어:웹 · 전공:시트 · 위치:AI추정,https://international.rmbs.ruc.edu.cn/incoming/,rmbsexchangeincoming@rmbs.ruc.edu.cn
CHINA,BEIJING NORMAL UNIVERSITY,모든 전공,교환학생 수용하는 모든 학과,3.0/4.0,2학기 이상,확인필요,26 credits,준도시 — 베이징 도심까지 지하철 약 30분,"중국어, 영어",TOEFL iBT 80점 이상 또는 IELTS 6.0점 이상 또는 HSK 180점 이상,기숙사 제공 및 공항 픽업 서비스 · 오리엔테이션 및 심리 상담 서비스,GPA:시트 · 어학:시트 · 수업언어:시트 · 전공:시트 · 위치:AI추정,"Admission Office: https://admission-is.bnu.edu.cn/english/index.html
 International Students Office Website: http://iso.bnu.edu.cn/en/index",nondegree@bnu.edu.cn
CHINA,Shanghai Jiao Tong University,경영대학,Antai College of Economics and Management,3/4.3,2학기 이상 (학부) / 1학기 (대학원),홈교 기준,제한 없음,준도시 — 상하이 도심까지 지하철 약 30분,"중국어, 영어",IELTS 6점 이상,일부 과목 수강 경쟁률 높음 · 공학·경영 특성화,GPA:시트 · 어학:시트 · 수업언어:웹 · 전공:시트 · 위치:AI추정,,yayatao@sjtu.edu.cn
CROATIA,University of Zagreb,경영대학,교환학생 수용하는 모든 학과,담당자 이메일 문의,2학기 이상,20 ECTS (권장),30 ECTS (권장),도시 — 자그레브 도심에 위치,영어,TOEIC 700점 이상 또는 TOEFL iBT 79점 이상 또는 IELTS 6.0점 이상,도심 도보권 캠퍼스 · 비영어권이지만 전 과정 영어 수업 · 석사 과정 수강 시 180 ECTS 이상 필요 · 크로아티아 최대 경제·경영 단과대학,GPA:이메일문의 · 어학:시트 · 수업언어:웹 · 전공:시트 · 위치:AI추정,https://studentexchange.net.efzg.hr/home,incoming-mobility@net.efzg.hr
CZECH REPUBLIC,Masaryk University,모든 전공,교환학생 수용하는 모든 학과,2.5/4.0,2학기 이상,20 ECTS,제한 없음 (현실적 최대 35~40 ECTS),도시 — 브르노 도심에 위치,영어,영어 CEFR B2 이상,도심 도보권 캠퍼스 · 비영어권이지만 전 과정 영어 수업 · 기숙사 신청 가능 · 버디 시스템·오리엔테이션 주 운영,GPA:시트 · 어학:시트 · 수업언어:웹 · 전공:시트 · 위치:AI추정,https://czs.muni.cz/en/student-from-abroad/exchange-non-degree-studies/partner-universities,hrebeska@czs.muni.cz
CZECH REPUBLIC,Charles University,모든 전공,교환학생 수용하는 모든 학과 개방(의·약·법 등 제한 없음),제한 없음/명시 없음,2학기 이상,4과목 (학부; 대학원 3과목),홈교 기준,도시 — 프라하 도심에 위치,영어,IELTS 5.5점 이상 또는 TOEFL IBT 72점 이상 또는 TOEFL ITP 543점 이상,"도심 도보권 캠퍼스 · 비영어권이지만 전 과정 영어 수업 · 교환학생 기숙사 보장 (Větrník, Hvězda, Kajetánka) · 버디 프로그램 운영",GPA:시트 · 어학:시트 · 수업언어:웹 · 전공:시트 · 위치:AI추정,https://cuni.cz/UKEN-344.html,adriana.cernohorska@ruk.cuni.cz
DENMARK,University of Southern Denmark,모든 전공,교환학생 수용하는 모든 학과,담당자 이메일 문의,확인필요,30 ECTS,30 ECTS,준도시 — 소도시 오덴세 시내 (코펜하겐에서 기차 약 90분),영어,TOEFL iBT 88점 이상 또는 IELTS 6.5점 이상,"비영어권이지만 전 과정 영어 수업 · 학생 기숙사 제공 (에스비에르, 콜딩, 오덴세, 쇠네르보르, 베일레) · 게스트 학생 학비 부과 · 영어 강의 제공 국제 대학",GPA:이메일문의 · 어학:시트 · 수업언어:웹 · 전공:시트 · 위치:AI추정,https://www.sdu.dk/en/uddannelse/exchange,incoming@sdu.dk
DENMARK,Technical University of Denmark (DTU),모든 전공,교환학생 수용하는 모든 학과 개방,담당자 이메일 문의,4학기 이상,20 ECTS,35 ECTS,준도시 — 소도시 린비 시내 (코펜하겐에서 기차 약 30분),영어,TOEFL iBT 100점 이상 또는 IELTS 6.5점 이상 또는 CEFR B2 이상,비영어권이지만 전 과정 영어 수업 · 국제학생서비스 지원 · 연 900명+ 교환학생 수용 · 영어 B2 이상 요구,GPA:이메일문의 · 어학:웹 · 수업언어:시트 · 전공:시트 · 위치:AI추정,https://www.dtu.dk/english/education/incoming-students/exchange,international@adm.dtu.dk
DENMARK,University of Copenhagen,문헌정보학과,Faculty of Humanities,담당자 이메일 문의,2학기 이상,명시 없음,제한 없음,도시 — 코펜하겐 도심에 위치,영어,일부 학과만 요구 (TOEFL iBT 83점 또는 신척도 4.5 또는 B2 확인; 그 외 불요),도심 도보권 캠퍼스 · 비영어권이지만 전 과정 영어 수업 · 교환학생 기숙사 신청 보장 · 연 2000+ 과목 제공,GPA:이메일문의 · 어학:웹 · 수업언어:시트 · 전공:시트 · 위치:AI추정,https://studies.ku.dk/study-abroad/,incomingmobility@adm.ku.dk
DENMARK,Roskilde University,모든 전공,교환학생 수용하는 모든 학과 개방,담당자 이메일 문의,제한 없음,확인필요,확인필요,준도시 — 소도시 로스킬데 시내 (코펜하겐에서 기차 약 45분),영어,담당자 이메일 문의,비영어권이지만 전 과정 영어 수업 · 덴마크 유일의 학제간 프로젝트 기반 교육,GPA:이메일문의 · 어학:이메일문의 · 수업언어:시트 · 전공:시트 · 위치:AI추정,,incoming-exchange@ruc.dk
DENMARK,Aalborg University,모든 전공,교환학생 수용하는 모든 학과,담당자 이메일 문의,4학기 이상 (학부) / 6학기 (대학원),30 ECTS,30 ECTS,준도시 — 소도시 올보르 시내 (오르후스에서 기차 약 50분),영어,영어 CEFR B2 이상,비영어권이지만 전 과정 영어 수업 · 코펜하겐 캠퍼스 기숙사 구하기 어려움 · 버디 프로그램 및 국제 사무실 지원 · 덴마크어 A레벨 요구(북유럽 교환생),GPA:이메일문의 · 어학:웹 · 수업언어:시트 · 전공:시트 · 위치:AI추정,https://www.en.aau.dk/education/guest-exchange,internationaloffice@aau.dk
ECUADOR,Universidad San Francisco de Quito,모든 전공,교환학생 수용하는 모든 학과,2.5/4.0 (갈라파고스 캠퍼스 3.0/4.0),2학기 이상,12 US credits,16 credits,"준도시 — 소도시·마을(쿰바야) 소재, 키토에서 버스 약 1시간",영어,SKKU 어학확인서 인정,비영어권이지만 전 과정 영어 수업 · 공인 어학성적 없이 지원 가능 · 갈라파고스 학기제 운영,GPA:시트 · 어학:시트 · 수업언어:시트 · 전공:시트 · 위치:AI추정,https://www.usfq.edu.ec/en/opi/international/international-students/academic-programs/semester,vcastelo@usfq.edu.ec
ESTONIA,Tallinn University,러시아어문학과,교환학생 수용하는 모든 학과,제한 없음/명시 없음,명시 없음,명시 없음,제한 없음,준도시 — 탈린 도심까지 버스 약 15분,영어,영어 CEFR B2 이상,비영어권이지만 전 과정 영어 수업 · GPA 요건 없음 · 기숙사 미보장·조기신청 필요 · 학생 버디 프로그램·국제학생 오리엔테이션,GPA:시트 · 어학:시트 · 수업언어:웹 · 전공:시트 · 위치:AI추정,www.tlu.ee/exchange,exchange@tlu.ee
FINLAND,LUT University (Lappeenranta-Lahti University of Technology),모든 전공,교환학생 수용하는 모든 학과 개방,제한 없음/명시 없음,제한 없음 (권장 2학기),20 ECTS,제한 없음,준도시 — 소도시 라티 시내 (헬싱키에서 기차 약 100분),영어,IELTS 6.5점 이상 또는 TOEFL iBT 90점 이상 또는 PTE Academic 62점 이상 또는 Cambridge B2 First 180점 이상,비영어권이지만 전 과정 영어 수업 · GPA 요건 없음 · ESN(Erasmus Student Network) 활동 · 연 200명+ 교환학생 수용,GPA:시트 · 어학:시트 · 수업언어:시트 · 전공:시트 · 위치:AI추정,https://www.lut.fi/en/studies/exchange-studies,incoming@lut.fi
FINLAND,University of Vaasa,모든 전공,"교환학생 수용하는 모든 학과(경영, 기술, 커뮤니케이션, 행정과학 등)",담당자 이메일 문의,제한 없음,명시 없음 (통상 20~30 ECTS),제한 없음 (권장 20~30 ECTS),준도시 — 소도시 바사 시내 (헬싱키에서 기차 약 120분),영어,공인성적 불요 (영어 B2 기대),비영어권이지만 전 과정 영어 수업 · 공인 어학성적 없이 지원 가능 · 기숙사 사실 미제공 · 교환학생 전용 튜터 배정,GPA:이메일문의 · 어학:시트 · 수업언어:웹 · 전공:시트 · 위치:AI추정,https://www.uwasa.fi/en/education/exchange,incoming.international@uwasa.fi
FINLAND,University of Lapland,모든 전공,교환학생 수용하는 모든 학과,담당자 이메일 문의,2학기 이상,25 ECTS,35 ECTS,준도시 — 소도시 로바니에미 시내 (헬싱키에서 기차 및 버스 환승 약 1020분),영어,IELTS 6점 이상 또는 TOEFL iBT 87점 이상,비영어권이지만 전 과정 영어 수업 · 교환학생 오리엔테이션(8월 18-21일) 및 전담 인바운드 팀 지원 · 캠퍼스 내 5명 중 1명 국제학생 비율 · 유럽연합 최북단 종합대학(과학·예술 분야),GPA:이메일문의 · 어학:시트 · 수업언어:시트 · 전공:시트 · 위치:AI추정,Exchange studies - University of Lapland,incoming@ulapland.fi
FINLAND,University of Eastern Finland,모든 전공,교환학생 수용하는 모든 학과 개방,제한 없음/명시 없음,2학기 이상,20 ECTS,30 ECTS,준도시 — 소도시 요엔수 시내 (헬싱키에서 기차 약 2시간),영어,명시 없음 (영어 B2 권장),비영어권이지만 전 과정 영어 수업 · GPA 요건 없음 · Clinical Medicine 지원자는 3-4월 신청 시 우선권 부여,GPA:시트 · 어학:시트 · 수업언어:시트 · 전공:시트 · 위치:AI추정,https://www.uef.fi/en/exchange-studies,international@uef.fi
FINLAND,Tampere University,모든 전공,교환학생 수용하는 모든 학과,제한 없음/명시 없음,2학기 이상,20 ECTS,제한 없음,도시 — 탐페레 도심에 위치,영어,TOEFL iBT 92점 이상 또는 IELTS 6.5점 이상 또는 Duolingo 115점 이상,도심 도보권 캠퍼스 · 비영어권이지만 전 과정 영어 수업 · 다학제 연구 중심 국립대,GPA:시트 · 어학:시트 · 수업언어:시트 · 전공:시트 · 위치:AI추정,https://www.tuni.fi/en/study-with-us/exchange-studies,mobility.tau@tuni.fi
FINLAND,Kajaani University of Applied Sciences,모든 전공,"학부 대부분 개방(International Business, Tourism, Esports Business, Sports and Leisure Management, Business Information Technology, Game Development), Health and Social Services/Engineering은 실습 기회 문의 필요, 석사(Global Business Management)",제한 없음/명시 없음,2학기 이상,30 ECTS,제한 없음,준도시 — 소도시 카야니 시내 (오울루에서 기차 약 3시간),영어,명시 없음,비영어권이지만 전 과정 영어 수업 · GPA 요건 없음 · 오리엔테이션 3일 제공 · EU 외 학생 필수 건강보험 가입,GPA:시트 · 어학:시트 · 수업언어:웹 · 전공:웹 · 위치:AI추정,https://kamk.fi/en/study-at-kamk/apply-to-kamk/exchange-students/,international.office@kamk.fi
FINLAND,Hanken School of Economics,경영대학,교환학생 수용하는 모든 학과,제한 없음/명시 없음,2학기 이상,24~30 ECTS,30~36 ECTS,도시 — 헬싱키 도심에 위치,영어,TOEFL iBT 78점 이상 또는 IELTS 6.0점 이상,도심 도보권 캠퍼스 · 비영어권이지만 전 과정 영어 수업 · 기숙사 정보 링크 제공 · 튜터 픽업 서비스 및 필수 오리엔테이션 제공,GPA:시트 · 어학:시트 · 수업언어:시트 · 전공:시트 · 위치:AI추정,https://www.hanken.fi/en/students/international-opportunities/incoming-exchange-students,incoming.mobility@hanken.fi
FINLAND,Haaga-Helia University of Applied Sciences,모든 전공,교환학생 수용하는 모든 학과,3.0/5.0,2학기 이상,홈교 기준,홈교 기준,도시 — 헬싱키 도심에 위치,영어,SKKU 어학확인서 인정,도심 도보권 캠퍼스 · 비영어권이지만 전 과정 영어 수업 · 교환학생 기숙사 보장 · 학생 튜터·오리엔테이션·개인 학습 상담 지원,GPA:시트 · 어학:시트 · 수업언어:웹 · 전공:시트 · 위치:AI추정,https://www.haaga-helia.fi/en/exchange-studies-haaga-helia,sami.krogerus@haaga-helia.fi
FINLAND,Aalto University,모든 전공,교환학생 수용하는 모든 학과,제한 없음/명시 없음,4학기 이상,명시 없음 (통상 30 ECTS),제한 없음 (통상 30 ECTS),준도시 — 소도시 에스포 시내 (헬싱키에서 버스 및 기차 약 40분),영어,영어 CEFR B2 이상,비영어권이지만 전 과정 영어 수업 · GPA 요건 없음 · Housing for exchange students · Mandatory orientation,GPA:시트 · 어학:시트 · 수업언어:시트 · 전공:시트 · 위치:AI추정,https://www.aalto.fi/en/international-students/incoming-exchange-students,international-chem@aalto.fi
FINLAND,University of Helsinki,모든 전공,대부분 학부 개방(의·약·심리·생명과학 제한),제한 없음/명시 없음,2학기 이상,20 ECTS,제한 없음,도시 — 헬싱키 도심에 위치,영어,공인성적 불요 (홈교가 B2 확인),"도심 도보권 캠퍼스 · 비영어권이지만 전 과정 영어 수업 · 의학·심리학 수강 시 2년 이상 학업 요건, 생명과학은 2년 전공 이수 필요",GPA:시트 · 어학:시트 · 수업언어:시트 · 전공:웹 · 위치:AI추정,https://drive.google.com/open?id=1kvv1THoj9gSKqqlS6A-acglLTdlP6gXo,studentexchange@helsinki.fi
FINLAND,Turku University of Applied Sciences,모든 전공,교환학생 수용하는 모든 학과 개방,담당자 이메일 문의,2학기 이상,홈교 기준,30 ECTS,준도시 — 소도시 투르쿠 시내 (헬싱키에서 기차 약 2시간),영어,담당자 이메일 문의,비영어권이지만 전 과정 영어 수업 · 교내 기숙사 미보장·조기신청 필요 · 학생 튜터 배정(오리엔테이션·실용 문제 지원) · 연 300명+ 교환학생 수용,GPA:이메일문의 · 어학:이메일문의 · 수업언어:웹 · 전공:시트 · 위치:AI추정,https://www.turkuamk.fi/en/education/exchange-studies/practicalities-for-exchange-students/,incoming.exchange@turkuamk.fi
FRANCE,Sup Biotech,자연과학대학/생명공학대학,교환학생 수용하는 모든 학과,제한 없음/명시 없음,3학기 이상,확인필요,40 ECTS,준도시 — 파리 도심까지 지하철 약 15분,영어,IELTS 6.0점 이상,비영어권이지만 전 과정 영어 수업 · GPA 요건 없음 · 필수 예방접종 증명(파상풍·B형 간염) 필요 · 생명공학 특성화 사립대,GPA:시트 · 어학:웹 · 수업언어:웹 · 전공:시트 · 위치:AI추정,https://www.supbiotech.fr/en/programs/exchange-programs/,incoming@supbiotech.fr
FRANCE,INSEEC Business School,모든 전공,교환학생 수용하는 모든 학과,명시 없음 (프랑스식 0~20 체계),6학기 이상,20 ECTS,35 ECTS,준도시 — 파리 도심까지 지하철 약 15분,"프랑스어, 영어",SKKU 어학확인서 인정 (B2 이상),공인 어학성적 없이 지원 가능 · GPA 요건 없음 · 교환학생 브로슈어 제공 · 경영 트리플크라운 인증,GPA:시트 · 어학:시트 · 수업언어:웹 · 전공:시트 · 위치:AI추정,https://www.inseec.com/incoming-students-inseec-grande-ecole/,incoming@inseec.com
FRANCE,ISC Paris Group,모든 전공,교환학생 수용하는 모든 학과,담당자 이메일 문의,1학기 이상,15 ECTS,30 ECTS,도시 — 파리 도심에 위치,영어,TOEFL iBT 79점 이상 또는 IELTS 6.5점 이상 또는 TOEIC 785점 이상,도심 도보권 캠퍼스 · 비영어권이지만 전 과정 영어 수업 · 기숙사 미보장·조기신청 필요 · 버디 프로그램·학생협회 지원,GPA:이메일문의 · 어학:웹 · 수업언어:시트 · 전공:시트 · 위치:AI추정,https://www.iscparis.com/en/incoming-students/,exchange@iscparis.com
FRANCE,ICN Business School,모든 전공,모든 학과 개방,제한 없음 (학년별 최소 이수학점/ECTS 요건만),1학기 이상,홈교 기준,30 ECTS,준도시 — 소도시 낭시 시내 (파리에서 기차 약 1시간 30분),영어,TOEFL iBT 80점 이상 또는 IELTS 6.5점 이상 또는 TOEIC 750점 이상 또는 Duolingo 110점 이상,비영어권이지만 전 과정 영어 수업 · GPA 요건 없음 · 경영 트리플크라운 인증,GPA:시트 · 어학:시트 · 수업언어:시트 · 전공:시트 · 위치:AI추정,https://drive.google.com/drive/u/1/folders/16CUWxk2R1NtRBJqsZ6iO3zqDlAABqKwE,severine.myly@icn-artem.com
FRANCE,Jean Moulin University Lyon 3,모든 전공,"교환학생 수용하는 모든 학과(경영, 철학, 언어, 법, 정치, 문학, 정보·커뮤니케이션, 역사, 지리 등)",담당자 이메일 문의,3학기 이상,8 ECTS,제한 없음 (SELF 프로그램은 31 ECTS),도시 — 리옹 도심에 위치,"프랑스어, 영어",TOEFL iBT 80점 이상 또는 IELTS 6.5점 이상 또는 TOEIC 1020점 이상 (4기능 합산) 또는 Duolingo 125점 이상,도심 도보권 캠퍼스 · 정보 세션 및 튜터 지원 · 비자 신청용 입학허가서 발급,GPA:이메일문의 · 어학:웹 · 수업언어:웹 · 전공:시트 · 위치:AI추정,https://www.univ-lyon3.fr/exchange-students-1,lucien.yang@univ-lyon3.fr
FRANCE,Rennes School of Business,경영대학,교환학생 수용하는 모든 학과,담당자 이메일 문의,2학기 이상,담당자 이메일 문의,담당자 이메일 문의,준도시 — 소도시 렌 시내 (렌에서 기차 약 60분),영어,영어 CEFR B2 이상 (홈교 확인서 가능),비영어권이지만 전 과정 영어 수업 · 프랑스어 레벨 테스트 필수 · 경영 트리플크라운 인증,GPA:이메일문의 · 어학:시트 · 수업언어:시트 · 전공:시트 · 위치:AI추정,https://aloha.rennes-sb.com/hc/en-us/categories/360002608799--Incoming-Exchange-Students,exchange@rennes-sb.com
FRANCE,Emlyon Business School,경영대학,교환학생 수용하는 모든 학과,담당자 이메일 문의,3학기 이상,25 ECTS,35 ECTS,준도시 — 리옹 도심까지 지하철 약 15분,영어,영어 CEFR B2 이상,비영어권이지만 전 과정 영어 수업 · 파트너 230개교 · 학기당 25~35 ECTS 수강 · 경영 트리플크라운 인증,GPA:이메일문의 · 어학:시트 · 수업언어:웹 · 전공:시트 · 위치:AI추정,https://em-lyon.com/en/student/bachelor/global-bba/exchange-students,Incoming.globalbba@em-lyon.com
FRANCE,SKEMA Business School,경영대학,교환학생 수용하는 모든 학과,2.5/4,제한 없음,15 ECTS,30 ECTS (프로그램에 따라 21 ECTS),준도시 — 릴 도심까지 지하철 약 15분,영어,TOEFL iBT 80점 이상 또는 TOEIC 850점 이상 또는 IELTS 6.5점 이상 또는 Duolingo 115점 이상,"비영어권이지만 전 과정 영어 수업 · Grande Ecole 21ECTS/학기, BBA 30ECTS/학기 · 경영 트리플크라운 인증",GPA:시트 · 어학:시트 · 수업언어:시트 · 전공:시트 · 위치:AI추정,https://www.skema.edu/en/exchange-students,studentexchange.incoming@skema.edu
FRANCE,Grenoble Alpes University,모든 전공,교환학생 수용하는 모든 학과(의·약·법 등 일부 제한 있음),제한 없음/명시 없음,홈교 기준,홈교 기준,30 credits,준도시 — 그르노블 도심까지 트램 약 15분,"프랑스어, 영어",프랑스어 또는 영어 CEFR B1~B2,GPA 요건 없음 · 교내 기숙사 미보장·조기신청 필요 · 프랑스어 B1-B2 또는 영어 B2 권장 · 공학·자연과학·인문학 강점 종합대,GPA:시트 · 어학:웹 · 수업언어:웹 · 전공:웹 · 위치:AI추정,https://international.univ-grenoble-alpes.fr/come-to-uga/exchange-programs/come-on-exchange/come-on-exchange-784754.kjsp?RH=1610017301259,incoming@univ-grenoble-alpes.fr
FRANCE,Paris Dauphine University,경영대학,교환학생 수용하는 모든 학과,3.2/4.0,4학기 이상,30 ECTS,30 ECTS,준도시 — 파리 도심까지 지하철 약 15분,"프랑스어, 영어",TOEFL iBT 92점 이상 또는 IELTS 6.5점 이상,프랑스어/영어 집중 세미나 및 언어 강좌 제공 · 전 세계 수백 개 대학과 교환 협약 체결 · 최대 30 ECTS(프랑스어 세미나 수강 시 33 ECTS) 수강 가능 · 경영·경제·수학·컴퓨터과학 분야 특성화 대학,GPA:시트 · 어학:웹 · 수업언어:웹 · 전공:시트 · 위치:AI추정,https://dauphine.psl.eu/international/venir-etudier-a-luniversite-paris-dauphine-psl/etudiants-en-echange,contact.echanges@dauphine.fr
FRANCE,KEDGE Business School,모든 전공,교환학생 수용하는 모든 학과,담당자 이메일 문의,2학기 이상,20 ECTS,35 ECTS,준도시 — 보르도 도심까지 트램 약 15분,"프랑스어, 영어",TOEFL iBT 79점 이상 또는 IELTS 6.0점 이상 또는 TOEIC 785점 이상,연 1000명+ 교환학생 수용 · 프랑스어·영어 병행 수업 선택 가능 · 경영 트리플크라운 인증,GPA:이메일문의 · 어학:시트 · 수업언어:웹 · 전공:시트 · 위치:AI추정,https://student.kedge.edu/exchange-students,incoming@kedgebs.com
FRANCE,IESEG School of Management,경영대학,교환학생 수용하는 모든 학과,제한 없음/명시 없음,4학기 이상,20 ECTS,30 ECTS,준도시 — 파리 도심까지 지하철 약 15분,영어,명시 없음,비영어권이지만 전 과정 영어 수업 · GPA 요건 없음 · 교내·외 기숙사 지원 · 버디 시스템·국제 클럽·프랑스어 수업,GPA:시트 · 어학:시트 · 수업언어:웹 · 전공:시트 · 위치:AI추정,https://www.ieseg.fr/en/international/study-at-ieseg-in-exchange/,incomingparis@ieseg.fr
FRANCE,EPF School of Engineering,모든 전공,교환학생 수용하는 모든 학과 개방,담당자 이메일 문의,4학기 이상,20 ECTS,30 ECTS,준도시 — 파리 도심까지 지하철 약 25분,영어,TOEFL iBT 72점 이상 또는 TOEFL ITP 543점 이상 또는 TOEIC 785점 이상 또는 IELTS 5.5점 이상,비영어권이지만 전 과정 영어 수업 · 프랑스어 불필요(교환 지원 시) · 공학 특성화,GPA:이메일문의 · 어학:시트 · 수업언어:시트 · 전공:시트 · 위치:AI추정,www.epf.fr/en,cecile.carnoy@epf.fr
FRANCE,Paris 1 Pantheon-Sorbonne University,모든 전공,교환학생 수용하는 모든 학과 개방,제한 없음/명시 없음,2학기 이상,학과별 상이,학과별 상이,도시 — 파리 도심에 위치,"프랑스어, 영어",프랑스어 CEFR B2 이상 (DELF/DALF/TCF 또는 홈교 교원 확인서),도심 도보권 캠퍼스 · GPA 요건 없음 · 파트너 300개교+ · 인문학·사회과학 특성화,GPA:시트 · 어학:웹 · 수업언어:웹 · 전공:시트 · 위치:AI추정,https://international.pantheonsorbonne.fr/en/join-paris-1-pantheon-sorbonne/exchange-student,incoming-exchange@univ-paris1.fr
FRANCE,Lille Catholic University,모든 전공,교환학생 수용하는 모든 학과,2.75/4.0,2학기 이상,20 ECTS,30 ECTS,준도시 — 릴 도심까지 지하철 약 15분,"프랑스어, 영어",명시 없음,가톨릭 계열 종합대,GPA:시트 · 어학:시트 · 수업언어:웹 · 전공:시트 · 위치:AI추정,https://www.univ-catholille.fr/en/exchange-programs-academic-calendars/,alizee.leducq@univ-catholille.fr
FRANCE,EDHEC Business School,모든 전공,교환학생 수용하는 모든 학과,명시 없음 (우수한 성적 요구),2학기 이상,30 ECTS,30 ECTS,준도시 — 니스 & 릴 도심까지 트램 약 15분,"프랑스어, 영어",명시 없음,"GPA 요건 없음 · 국제학생 오리엔테이션 필수 참석 · 160개 파트너 대학, 100+ 국적 학생 · 무료 프랑스어 수업(5 ECTS), 필수 출석",GPA:시트 · 어학:시트 · 수업언어:factsheet · 전공:시트 · 위치:AI추정,chrome-extension://efaidnbmnnnibpcajpcglclefindmkaj/https://my.edhec.edu/sites/default/files/myedhec/Factsheet_EDHEC_BBA_25-26_2.pdf,hannah.sztumpf@edhec.edu
FRANCE,Toulouse Business School,경영대학,교환학생 수용하는 모든 학과,담당자 이메일 문의,2학기 이상 (학사과정; 석사는 6학기),24 ECTS,명시 없음,준도시 — 툴루즈 도심까지 지하철 약 15분,영어,TOEFL iBT 79점 이상 또는 IELTS 6.0점 이상 또는 Duolingo 110점 이상 또는 PTE Academic 50점 이상,비영어권이지만 전 과정 영어 수업 · 국제학생 대상 연중 행사 운영 · 모든 캠퍼스 교환 프로그램 가능 · 스페인어 집중 코스(8월 말 시작),GPA:이메일문의 · 어학:시트 · 수업언어:시트 · 전공:시트 · 위치:AI추정,https://www.tbs-education.com/about-tbs/international/incoming-exchange-students/,tbs.incoming@tbs-education.fr
FRANCE,National Institute for Oriental Languages and Civilizations (INALCO),모든 전공,"대부분 학부 개방(언어·문명·테마·전문과정), 단 일부 학과(일본어·한국어·러시아어·아랍어·중국어) 초급 과정 제한",제한 없음/명시 없음,명시 없음,명시 없음,30 ECTS,준도시 — 파리 도심까지 지하철 약 15분,프랑스어,"DELF/DALF B1 이상 (언어·문명과정) / C1 (전문과정), JLPT N2~N3 (일본어 전공)","GPA 요건 없음 · 외부 기숙사 협력 (월 €450-700), 보장 불가 · 프랑스어 시험 필수 (도착 전), 학기별 시험 기간 2주 · 아시아·아프리카·중동 언어·문명 연구 특화 국립대",GPA:시트 · 어학:웹 · 수업언어:웹 · 전공:웹 · 위치:AI추정,https://www.inalco.fr/en/exchange-students-inalco,mob-in@inalco.fr
FRANCE,Paris School of Urban Engineering (EIVP),공과대학,교환학생 수용하는 모든 학과,제한 없음/명시 없음,4~6학기 이상 (프로그램별),홈교 기준,30 ECTS,준도시 — 파리 도심까지 지하철 약 15분,"프랑스어, 영어",영어 CEFR B2 이상 (프랑스어 수업 수강 시 프랑스어 B1),GPA 요건 없음 · 공학 특성화,GPA:시트 · 어학:시트 · 수업언어:시트 · 전공:시트 · 위치:AI추정,https://www.eivp-paris.fr/international/study-at-eivp,julien.leroy@eivp-paris.fr
FRANCE,NEOMA Business School,경영대학,교환학생 수용하는 모든 학과,제한 없음/명시 없음,제한 없음,20 ECTS,36 ECTS,준도시 — 소도시 랭스 시내 (파리에서 기차 약 120분),"프랑스어, 영어","IELTS 6.0점 이상, 프랑스어 CEFR B2 이상",GPA 요건 없음 · HUB를 통한 전 과정 지원 · 연 2100명+ 교환학생 수용 · 프랑스어 B2 이상 필수,GPA:시트 · 어학:웹 · 수업언어:웹 · 전공:시트 · 위치:AI추정,https://neoma-bs.com/welcome-to-neoma,hub.rouen@neoma-bs.fr
FRANCE,ECE Paris,모든 전공,"모든 학과 개방(Artificial Intelligence, Data Management, Cybersecurity, Embedded Systems, Energy & Environment 등)",담당자 이메일 문의,프로그램별 상이,10 ECTS,제한 없음,준도시 — 파리 도심까지 지하철 약 20분,영어,IELTS 6.0점 이상 또는 TOEFL iBT 83점 이상 또는 TOEIC 780점 이상 (영어과정); 프랑스어과정은 CEFR B2,비영어권이지만 전 과정 영어 수업 · 교내 기숙사 미보장·조기신청 필요 · 버디 프로그램·학생협회 지원 · 월 평균 1200~1900유로 생활비,GPA:이메일문의 · 어학:웹 · 수업언어:웹 · 전공:웹 · 위치:AI추정,https://www.ece.fr/en/international-en/,international@ece.fr
GERMANY,University of Wuppertal,자연과학대학,교환학생 수용하는 모든 학과 개방,담당자 이메일 문의,2학기 이상,확인필요,확인필요,준도시 — 부퍼탈 도심까지 기차 약 15분,"독일어, 영어",담당자 이메일 문의,"교환학생 기숙사 일부 보장·조기신청 필요 · 버디 프로그램·국제학생팀 지원 · 연 23,000명+ 학생·100개국 이상 국제학생 · 학기별 360유로 기여금(교통권 포함)",GPA:이메일문의 · 어학:이메일문의 · 수업언어:factsheet · 전공:시트 · 위치:AI추정,https://www.uni-wuppertal.de/fileadmin/data/bu/Internationales/IntSek/Gast-_und_Austauschstudium/Erasmus__/Fact_Sheet_for_Exchange_Students.pdf,myfey@uni-wuppertal.de
GERMANY,University of Mannheim,모든 전공,대부분 학부 개방(경영 제외),담당자 이메일 문의,2학기 이상,명시 없음,제한 없음,도시 — 만하임 도심에 위치,"독일어, 영어",영어 또는 독일어 CEFR B2 (증빙 불요),도심 도보권 캠퍼스 · 경영·경제 분야 강세,GPA:이메일문의 · 어학:시트 · 수업언어:시트 · 전공:시트 · 위치:AI추정,,incomings@uni-mannheim.de
GERMANY,Ruhr University of Bochum,모든 전공,교환학생 수용하는 모든 학과 개방,제한 없음/명시 없음,명시 없음,명시 없음,제한 없음,도시 — 보훔 도심에 위치,"독일어, 영어",학과별 상이 (통상 영어 CEFR B2 — TOEFL iBT 72점·IELTS 5.5점 상당),도심 도보권 캠퍼스 · GPA 요건 없음 · 교환학생 상담 서비스 제공 · 영어 강의 수강 가능,GPA:시트 · 어학:웹 · 수업언어:시트 · 전공:시트 · 위치:AI추정,https://international.ruhr-uni-bochum.de/en/international-exchange-students,rubiss@ruhr-uni-bochum.de
GERMANY,CBS International Business School,경영대학,"Business-, Management-, Information Systems-, or Engineering-related field",제한 없음/명시 없음,2학기 이상 (경영·IT·공학 관련 전공),18 ECTS,30 ECTS,준도시 — 쾰른 도심까지 지하철 약 15분,영어,TOEFL iBT 83점 이상 또는 IELTS 6.5점 이상 (CEFR B2 상당),비영어권이지만 전 과정 영어 수업 · GPA 요건 없음 · 독일어 과정·기업 방문·소셜 활동 제공 · 경영·디지털 기술·AI 분야 특화,GPA:시트 · 어학:시트 · 수업언어:웹 · 전공:시트 · 위치:AI추정,https://www.cbs.de/en/international/certificate-programmes,international.office@cbs.de
GERMANY,University of Rostock,모든 전공,"교환학생 수용하는 모든 학과 개방 (Human Medicine, Dentistry, Medical Biotechnology 제외 시 B2 요구)",담당자 이메일 문의,1학기 이상,명시 없음,제한 없음,도시 — 로스토크 도심에 위치,"독일어, 영어",독일어 CEFR B1 이상·영어 B1 이상 (의학계열은 독일어 B2),도심 도보권 캠퍼스 · 기숙사 신청 필수·조기신청 필요 · 오리엔테이션 주·버디 프로그램 · 영어 강의·과정 제공,GPA:이메일문의 · 어학:시트 · 수업언어:시트 · 전공:시트 · 위치:AI추정,https://www.uni-rostock.de/en/international-affairs/incoming/gueststudies-erasmus/,incoming.io@uni-rostock.de
GERMANY,Chemnitz University of Technology,정보통신대학,교환학생 수용하는 모든 학과,제한 없음/명시 없음,2학기 이상,15 ECTS,30 ECTS,준도시 — 소도시 켐니츠 시내 (라이프치히에서 기차 약 40분),"독일어, 영어",공인성적 불요 (영어 B2 강력 권장),"공인 어학성적 없이 지원 가능 · GPA 요건 없음 · 보험 미제공, B2 어학 권장 · 공학·IT 특성화",GPA:시트 · 어학:시트 · 수업언어:웹 · 전공:시트 · 위치:AI추정,https://www.tu-chemnitz.de/international/incoming/erasmus/index.php.en,nadja.hueller@iuz.tu-chemnitz.de
GERMANY,Leuphana University Luneburg,모든 전공,교환학생 수용하는 모든 학과,담당자 이메일 문의,제한 없음,명시 없음 (통상 30 ECTS),명시 없음 (모듈당 5 ECTS),준도시 — 소도시 뤼네부르크 시내 (함부르크에서 기차 약 50분),"독일어, 영어",영어 CEFR B2 이상 (TOEFL iBT 72점·IELTS 5.0점·TOEIC L&R 785점 상당),버디 프로그램 운영 · 모듈 핸드북 온라인 제공,GPA:이메일문의 · 어학:웹 · 수업언어:웹 · 전공:시트 · 위치:AI추정,Studying at Leuphana | Leuphana,kirja.frommeyer@leuphana.de
GERMANY,Goethe University Frankfurt,문과대학,교환학생 수용하는 모든 학과,담당자 이메일 문의,2학기 이상,명시 없음,제한 없음,준도시 — 프랑크푸르트암마인 도심까지 지하철 약 15분,"독일어, 영어",독일어 CEFR B1 이상,교환학생 전용 오리엔테이션 및 온라인 상담 제공 · 파트너 대학 대상 GStEP 프로그램 운영 · 학기 시작 전 3개 트랙의 예비 수업 제공 · 프랑크푸르트 학파 이론 연구 중심 대학,GPA:이메일문의 · 어학:시트 · 수업언어:웹 · 전공:시트 · 위치:AI추정,https://www.uni-frankfurt.de/122909823/Incoming_Guest_students_and_Internships_at_Goethe_University?locale=en,incoming@uni-frankfurt.de
GERMANY,University of Cologne,경영대학,교환학생 수용하는 모든 학과,제한 없음/명시 없음,3학기 이상,명시 없음,명시 없음 (통상 30 ECTS/5과목),도시 — 쾰른 도심에 위치,영어,영어 CEFR B2 이상,도심 도보권 캠퍼스 · 비영어권이지만 전 과정 영어 수업,GPA:시트 · 어학:시트 · 수업언어:시트 · 전공:시트 · 위치:AI추정,https://wiso.uni-koeln.de/de/studium/international/incoming-exchange-at-wiso/semester-exchange,incomings@wiso.uni-koeln.de
GERMANY,Kiel University,모든 전공,교환학생 수용하는 모든 학과 개방,제한 없음/명시 없음,4학기 이상,명시 없음,약 25~30 ECTS,준도시 — 킬 도심까지 버스 약 15분,"독일어, 영어",독일어·영어 CEFR B1 이상 (일부 학과 B2~C1),GPA 요건 없음,GPA:시트 · 어학:시트 · 수업언어:시트 · 전공:시트 · 위치:AI추정,https://www.studium.uni-kiel.de/en/examinations/examination-procedure/general-information/the-grading-system,cau-exchange@uv.uni-kiel.de
GERMANY,Osnabruck University of Applied Sciences,모든 전공,Faculty of Business Management and Social Sciences,담당자 이메일 문의,제한 없음 (학부; 대학원 4학기),20 ECTS,32.5 ECTS,준도시 — 소도시 오스나브뤼크 시내 (하노버에서 기차 약 60분),"독일어, 영어",학부: 영어 B1·독일어 B2 이상 / 대학원: 영어 B2·독일어 B2 이상,기숙사 엘리베이터 미설치·버디 지원 · 버디 프로그램 운영 · 다국적 학생 교류 활발 · 저렴한 생활비·짧은 통학 거리,GPA:이메일문의 · 어학:시트 · 수업언어:시트 · 전공:시트 · 위치:AI추정,https://www.hs-osnabrueck.de/en/university/faculties/wiso/international/incoming/,incoming-overseas-wiso@hs-osnabrueck.de
GERMANY,Free University of Berlin,모든 전공,"대부분 학부 개방(의·약·법 제한), 자연과학/인문사회 B1/B2 권장",제한 없음/명시 없음,2학기 이상,명시 없음,제한 없음,준도시 — 베를린 도심까지 지하철 약 15분,"독일어, 영어",담당자 이메일 문의,GPA 요건 없음 · 120개 이상 대학 파트너십 · 비EU 국적자 거주허가 필요 · 독일 명문 종합대,GPA:시트 · 어학:이메일문의 · 수업언어:웹 · 전공:웹 · 위치:AI추정,Direct Exchange • Education • Freie Universität Berlin,incoming@fu-berlin.de
GERMANY,Ludwig Maximilian University of Munich,모든 전공,교환학생 수용하는 모든 학과,담당자 이메일 문의,3학기 이상,명시 없음,제한 없음,도시 — 뮌헨 도심에 위치,"독일어, 영어",독일어 CEFR B2 이상 (지원 시 B1); 영어강의만 수강 시 독일어 증명 불요,도심 도보권 캠퍼스 · 기숙사 및 민간 숙소 지원 · 버디 프로그램 운영 · 비자·보험·등록 지원,GPA:이메일문의 · 어학:웹 · 수업언어:시트 · 전공:시트 · 위치:AI추정,www.lmu.de/en/international/incoming,lmuexchange-incoming@lmu.de
GERMANY,Furtwangen University,모든 전공,교환학생 수용하는 모든 학과,담당자 이메일 문의,4학기 이상,명시 없음,30 ECTS,준도시 — 소도시 푸르트방엔 시내 (프라이부르크에서 버스 및 기차 환승 약 45분),"독일어, 영어",영어 또는 독일어 CEFR B1 이상,"기숙사 비용 월 280~470유로, 1인 아파트 350유로 · 버디 프로그램 운영",GPA:이메일문의 · 어학:웹 · 수업언어:웹 · 전공:시트 · 위치:AI추정,Exchange students | International | Furtwangen University,incoming@hs-furtwangen.de
GERMANY,Frankfurt University of Applied Sciences,모든 전공,교환학생 수용하는 모든 학과,3.0/4.0,2학기 이상,20 ECTS,30~35 ECTS,준도시 — 프랑크푸르트암마인 도심까지 지하철 약 15분,"독일어, 영어",영어 CEFR B2 이상 (홈교 확인서 가능),버디 프로그램 운영,GPA:시트 · 어학:시트 · 수업언어:시트 · 전공:시트 · 위치:AI추정,https://www.frankfurt-university.de/en/studies/international-office/incomings/exchange/,incoming.exchange@io.fra-uas.de
GERMANY,Frankfurt School of Finance and Management,모든 전공,교환학생 수용하는 모든 학과,담당자 이메일 문의,"4학기 이상 (학부, 경영·경제 전공)",6 ECTS (1모듈),30 ECTS (5모듈),도시 — 프랑크푸르트암마인 도심에 위치,영어,TOEFL iBT 90점 이상 또는 IELTS 7.0점 이상 또는 PTE Academic,도심 도보권 캠퍼스 · 비영어권이지만 전 과정 영어 수업 · 교환학생 전담 지원 서비스 · 여름/겨울 학교 프로그램 운영,GPA:이메일문의 · 어학:시트 · 수업언어:시트 · 전공:시트 · 위치:AI추정,https://www.frankfurt-school.de/de/students-alumni/international-office,InternationalOffice@fs.de
GERMANY,Berlin School of Economics and Law,모든 전공,교환학생 수용하는 모든 학과,담당자 이메일 문의,제한 없음,10 ECTS,40 ECTS,도시 — 베를린 도심에 위치,영어,영어 CEFR B2 이상,도심 도보권 캠퍼스 · 비영어권이지만 전 과정 영어 수업 · 기숙사 미보장·조기신청 필요 · 버디 프로그램·독일어 집중 코스,GPA:이메일문의 · 어학:시트 · 수업언어:시트 · 전공:시트 · 위치:AI추정,https://www.hwr-berlin.de/en/study/international-study/exchange-students-at-the-hwr-berlin/organizing-your-studies-at-department-1,incoming@hwr-berlin.de
GERMANY,University of Bonn,모든 전공,모든 학과 개방(의·약 제외),3.0/4.0,1학기 이상,명시 없음 (권장 약 30 ECTS),명시 없음 (권장 약 30 ECTS),도시 — 본 도심에 위치,"독일어, 영어",영어 CEFR B2~C1·독일어 B2 이상,도심 도보권 캠퍼스 · 선택적 기숙사 제공 · 국제 사무실 지원 · 전 세계 40개 파트너 대학,GPA:시트 · 어학:시트 · 수업언어:시트 · 전공:시트 · 위치:AI추정,https://www.uni-bonn.de/en/studying/international-students/exchange-students/global-exchange-program/global-exchange-program?set_language=en,globalexchange-incoming@uni-bonn.de
GERMANY,RWTH Aachen University,모든 전공,교환학생 수용하는 모든 학과,제한 없음/명시 없음,5학기 이상,15 ECTS,30 ECTS,도시 — 아헨 도심에 위치,"독일어, 영어",영어 또는 독일어 CEFR B1 이상,"도심 도보권 캠퍼스 · GPA 요건 없음 · 교내 기숙사 미보장·조기신청 필요 · 버디 프로그램(BeBuddy), 웰컴 위크, 전담 교환학생 서비스",GPA:시트 · 어학:factsheet · 수업언어:factsheet · 전공:시트 · 위치:AI추정,https://www.wiwi.rwth-aachen.de/cms/wirtschaftswissenschaften/studium/Internationales/Exchange-Office/~icy/Incomings/,stefanie.spatafora@wiwi.rwth-aachen.de
GERMANY,Friedrich–Alexander University,공과대학,"교환학생 수용하는 모든 학과(공학·의학·자연과학 등), 단 학부별 언어 요건 확인 필요",담당자 이메일 문의,2학기 이상,확인필요,30 ECTS (권장),준도시 — 소도시 에를랑겐 시내 (뉘른베르크에서 기차 약 50분),"독일어, 영어",영어 CEFR B1~B2 또는 독일어 B1,기숙사 사실 미보장·개별 신청 필요 · 월 생활비 992-1250유로·학기당 72유로 필수 납부 · 공학·의학·자연과학 강점 국립대,GPA:이메일문의 · 어학:시트 · 수업언어:웹 · 전공:시트 · 위치:AI추정,https://www.fau.eu/studying/international-students/students-on-exchange-programs/,mobility@fau.de
HONG KONG,The Chinese University of Hong Kong,모든 전공,교환학생 수용하는 모든 학과,Good standing (수치 기준 없음),2학기 이상,9 units,18 units,준도시 — 샤틴 도심까지 지하철 약 30분,영어,TOEFL iBT 80점 이상 또는 TOEFL PBT 550점 이상 또는 IELTS 6.0점 이상,홍콩 최상위권 종합대,GPA:시트 · 어학:시트 · 수업언어:시트 · 전공:시트 · 위치:AI추정,https://www.oal.cuhk.edu.hk/campuslife/,claireli@cuhk.edu.hk
HONG KONG,The University of Hong Kong,모든 전공,"대부분 학부 개방(경영·법·인문·공학 등), 법·경영은 추가 요건",3.3/4.3 (법·경영 제외 전공은 3.0/4.0),2학기 이상,24~30 ECTS,36 ECTS,준도시 — 홍콩 도심까지 지하철 약 15분,영어,TOEFL iBT 97점 이상 또는 IELTS 7.0점 이상 (법대) 또는 TOEFL iBT 80점 이상 또는 IELTS 6.5점 이상 (기타),"봄학기 기숙사 가용성 높음 · 오리엔테이션 및 활동 제공 · 학점 24-30학점 권장, 법학 전공자 비법학 과목 제한 · 아시아 최상위권 종합대",GPA:웹 · 어학:웹 · 수업언어:웹 · 전공:웹 · 위치:AI추정,https://intlaffairs.hku.hk/exchange,exchange@hku.hk
HONG KONG,City University of Hong Kong,모든 전공,교환학생 수용하는 모든 학과,담당자 이메일 문의,2학기 이상,12 credits,18 credits,준도시 — 홍콩 도심까지 지하철 약 15분,영어,TOEFL iBT 79점 이상 또는 IELTS 6.5점 이상,QS 세계대학랭킹 100위권 종합대,GPA:이메일문의 · 어학:시트 · 수업언어:시트 · 전공:시트 · 위치:AI추정,https://www.cityu.edu.hk/geo/global-opportunities/student-exchange/inbound-student-exchange,phoebe.sung@cityu.edu.hk
HONG KONG,Hong Kong Polytechnic University,모든 전공,모든 학과 개방(경영/공학/건설환경/보건 등),2.7/4.0,2학기 이상 (1년),9 credits,18 credits,준도시 — 홍콩 도심까지 지하철 약 15분,영어,IELTS 6.0점 이상 또는 TOEFL iBT 80점 이상,공학·비즈니스·건설환경 분야 강세,GPA:시트 · 어학:시트 · 수업언어:시트 · 전공:웹 · 위치:AI추정,https://www.polyu.edu.hk/geo/exchange-and-study-abroad/incoming-students/incoming-exchange/,inbound.exchange@polyu.edu.hk
HUNGARY,University of Pecs,모든 전공,교환학생 수용하는 모든 학과,2.5/4.0 (또는 3.5/5.0),2학기 이상,10 ECTS,30 ECTS,준도시 — 소도시 페치 시내 (부다페스트에서 기차 약 2시간),"헝가리어, 영어",영어 CEFR B2 이상,ESN Pécs 지원 · 유럽 300만 명 이상 교환학생 참여 · 헝가리 최대 규모 종합대학,GPA:시트 · 어학:시트 · 수업언어:웹 · 전공:시트 · 위치:AI추정,https://international.pte.hu/mobility-programs/erasmus,czeh.gabor@pte.hu
INDONESIA,Gadjah Mada University (UGM),모든 전공,교환학생 수용하는 모든 학과,3.0/4.0,2학기 이상,10 credits,18 credits,준도시 — 욕야카르타 도심까지 버스 약 15분,"인도네시아어, 영어",TOEFL 500점 이상 또는 IELTS 5.0점 이상 또는 TOEFL iBT 70점 이상 또는 TOEIC 500점 이상,"저렴한 생활비, 친절한 지역사회, 활발한 학술분위기 · 인도네시아 최상위권 종합대",GPA:시트 · 어학:시트 · 수업언어:웹 · 전공:시트 · 위치:AI추정,https://admission.ugm.ac.id/non-degree/student-exchange/,admission@ugm.ac.id
INDONESIA,University of Indonesia,경제대학/경영대학,교환학생 수용하는 모든 학과 개방,3.0/4.0,2학기 이상,명시 없음,15 credits,준도시 — 소도시 데폭 시내 (자카르타에서 버스 약 60분),영어,TOEFL iBT 80점 이상 또는 TOEFL ITP/PBT 550점 이상 또는 IELTS 6.0점 이상,비영어권이지만 전 과정 영어 수업 · 오리엔테이션 프로그램·사전 출발 세션 제공 · 인도네시아 국립 종합대,GPA:시트 · 어학:시트 · 수업언어:시트 · 전공:시트 · 위치:AI추정,https://international.ui.ac.id/exchange-program/,inbound@ui.ac.id
ITALY,University of Verona,모든 전공,교환학생 수용하는 모든 학과 개방,담당자 이메일 문의,2학기 이상,명시 없음,제한 없음,준도시 — 소도시 베로나 시내 (밀라노에서 기차 약 2시간),"이탈리아어, 영어",이탈리아어 또는 영어 CEFR B1 이상,"월 €450 공유 학생 아파트 · 학기 초 오리엔테이션 데이 · 연간 500명+ 교환학생 수용 · 월 생활비 €1,000 (식비 €450 포함)",GPA:이메일문의 · 어학:시트 · 수업언어:웹 · 전공:시트 · 위치:AI추정,https://www.univr.it/en/our-services/incoming-students-and-staff/exchange-students#doc_715,relazioni.internazionali@ateneo.univr.it
ITALY,Polytechnic University of Milan,"기계공학과 1명, 건축학과 2명",교환학생 수용하는 모든 학과,제한 없음/명시 없음,6학기 이상,확인필요,확인필요,준도시 — 밀라노 도심까지 지하철 약 15분,"이탈리아어, 영어",명시 없음,GPA 요건 없음 · 학생 기숙사 제공 · 공학·건축 특성화,GPA:시트 · 어학:시트 · 수업언어:웹 · 전공:시트 · 위치:AI추정,https://www.polimi.it/en/campus-e-servizi/international-mobility/study-abroad,exchange-leonardo@polimi.it
ITALY,Ca' Foscari University of Venice,모든 전공,교환학생 수용하는 모든 학과 개방,제한 없음/명시 없음,1학기 이상,홈교 기준,30 ECTS,준도시 — 베네치아 도심까지 버스 약 20분,영어,TOEFL iBT 72점 이상 또는 IELTS 5.5점 이상 또는 PTE Academic 59점 이상,비영어권이지만 전 과정 영어 수업 · GPA 요건 없음 · Welcome Unit 개별 오리엔테이션 제공 · 700+ 해외 대학과 교환 협약,GPA:시트 · 어학:웹 · 수업언어:시트 · 전공:시트 · 위치:AI추정,https://www.unive.it/pag/12574/,incoming.mobility@unive.it
ITALY,Bocconi University,모든 전공,교환학생 수용하는 모든 학과,제한 없음/명시 없음,명시 없음,명시 없음 (최소 1과목),제한 없음 (최대 5과목),도시 — 밀라노 도심에 위치,"이탈리아어, 영어",명시 없음,도심 도보권 캠퍼스 · GPA 요건 없음 · 기숙사 미보장·조기신청 필요 · 국제학생데스크(ISD) 지원 서비스,GPA:시트 · 어학:시트 · 수업언어:웹 · 전공:시트 · 위치:AI추정,https://www.unibocconi.it/en/international-students/incoming-exchange-students,inexchange@unibocconi.it
JAPAN,Okayama University,모든 전공,"모든 학과 개방 (단, 석사생은 일본어 수업 및 영어 학부 과정만 수강 가능)",2.0/4.0,2학기 이상,10 credits,제한 없음,준도시 — 소도시 쓰시마 시내 (오카야마에서 버스와 기차 환승 약 120분),"일본어, 영어",TOEFL PBT 500점 이상 또는 TOEFL iBT 61점 이상 또는 IELTS 5.5점 이상,오리엔테이션 제공 · 석사생 수강 제한(일본어·영어 강의만),GPA:시트 · 어학:시트 · 수업언어:시트 · 전공:시트 · 위치:AI추정,https://intl.okayama-u.ac.jp/en/inbound/programs/epok/,epok-inbound1@adm.okayama-u.ac.jp
JAPAN,Daito Bunka University,모든 전공,교환학생 수용하는 모든 학과,제한 없음/명시 없음,2학기 이상,7 credits,제한 없음,준도시 — 소도시 히가시마쓰야마 중심까지 기차 약 100분 (도쿄에서 기차 약 60분),일본어,명시 없음,GPA 요건 없음 · 영어 능력 시험 및 언어 검정 시험 응시료 지원 제도 · 스포츠·건강과학부 운영,GPA:시트 · 어학:시트 · 수업언어:웹 · 전공:시트 · 위치:AI추정,https://www.daito.ac.jp/english/admissions/exchange.html,dbuexchange@jm.daito.ac.jp
JAPAN,Nishogakusha University,모든 전공,"학부·대학원 전 학과 개방(문학부, 국제정경학부, 글로벌일본학 등)",제한 없음/명시 없음,2학기 이상,명시 없음,제한 없음,도시 — 도쿄 도심에 위치,일본어,JLPT N2 이상,"도심 도보권 캠퍼스 · GPA 요건 없음 · 일본 국민건강보험(연 3만엔) 및 학생 사고보험(1,340엔) 필수 가입",GPA:시트 · 어학:시트 · 수업언어:웹 · 전공:시트 · 위치:AI추정,https://www.nishogakusha-u.ac.jp/international/study_abroad_application.html,icenter1@nishogakusha-u.ac.jp
JAPAN,Aoyama Gakuin University,모든 전공,교환학생 수용하는 모든 학과 개방,2.5/4.0,1학기 이상,14 credits,제한 없음,도시 — 도쿄 도심에 위치,"일본어, 영어",TOEFL iBT 68점 이상 또는 IELTS 5.5점 이상 또는 JLPT N5 이상,도심 도보권 캠퍼스 · 기숙사·아파트·홈스테이 정보 핸드북 제공 · 35개국 160개 파트너 대학 · 학기당 14학점(10시간 수업) 필수,GPA:시트 · 어학:시트 · 수업언어:웹 · 전공:시트 · 위치:AI추정,https://www.aoyama.ac.jp/en/admission/exchange/,exchange@aoyamagakuin.jp
JAPAN,Fukuoka University,모든 전공,협정교 소속 학부 전공 분야 따라 개방,제한 없음/명시 없음,명시 없음,명시 없음,제한 없음,준도시 — 후쿠오카 도심까지 지하철 약 30분,일본어,JLPT N2 이상 (학부 과정) / N4~N3 (일본어·문화 과정),"GPA 요건 없음 · 교환학생 기숙사 보장 (국제교류회관, 전실 개인실) · 기숙사 비용: 입관비 33,000엔, 월 33,000엔 (광열비 별도)",GPA:시트 · 어학:시트 · 수업언어:웹 · 전공:웹 · 위치:AI추정,https://www.kokusai.fukuoka-u.ac.jp/inbound/exchange_fgn/,kokusai@adm.fukuoka-u.ac.jp
JAPAN,Hitotsubashi University,모든 전공,"학부 5개 학부(경영/경제/법/사회과학/사회데이터과학) 개방, 대학원 7개 개방",2.7/4.0,4학기 이상,명시 없음,14 credits/쿼터 (28 credits/학기),준도시 — 소도시 코다이라 중심까지 기차 약 45분 (도쿄에서 기차 약 60분),"일본어, 영어",TOEFL iBT 79점 이상 또는 IELTS 6.0점 이상 또는 CEFR B2 이상 또는 JLPT N2 이상,"국제학생 기숙사(코다이라) 우선 배정, 1인실 공유형 · 장애 학생 합리적 편의 제공 · 일본 국립 사회과학 특화 대학",GPA:웹 · 어학:웹 · 수업언어:웹 · 전공:웹 · 위치:AI추정,https://international.hit-u.ac.jp/en/pros/exchange/,edu-gs.g2@ad.hit-u.ac.jp
JAPAN,Soka University,모든 전공,교환학생 수용하는 모든 학과,2.5/4.0,2학기 이상,10 credits,24 credits,준도시 — 소도시 히노 중심까지 기차 약 50분 (도쿄에서 기차 약 40분),영어,TOEFL-iBT 71점 이상 또는 IELTS 5.5점 이상 또는 CEFR B2 이상,비영어권이지만 전 과정 영어 수업 · 기숙사 환영 미팅 제공 · 오리엔테이션 및 은행 계좌 개설 지원 · 마키구치 장학금 및 일본학 센터 장학금 제공,GPA:시트 · 어학:시트 · 수업언어:시트 · 전공:시트 · 위치:AI추정,https://www.soka.ac.jp/en/admissions/exchange/,globalmobility@soka.ac.jp
JAPAN,Ritsumeikan University,모든 전공,"모든 학과 개방 (단, Science and Engineering 학부/대학원은 심사 필요)",3.0/4.5,2학기 이상 (1년),명시 없음,20 credits,준도시 — 교토 도심까지 버스 약 15분,"일본어, 영어",TOEFL iBT 68점 이상 또는 TOEFL PBT 520점 이상 또는 IELTS 6.0점 이상 또는 CEFR B2 이상,"주당 최소 10시간 수업 필수, 최대 20학점 등록 가능",GPA:시트 · 어학:시트 · 수업언어:시트 · 전공:시트 · 위치:AI추정,https://en.ritsumei.ac.jp/skp/,skp@st.ritsumei.ac.jp
JAPAN,Dokkyo University,문과대학,교환학생 수용하는 모든 학과,제한 없음/명시 없음,명시 없음,명시 없음,제한 없음,준도시 — 소도시 소카 시내 (도쿄에서 기차 약 50분),일본어,JLPT N5 이상 또는 CEFR A1 이상,GPA 요건 없음 · 기숙사 신청 필요 · 도쿄 버디 프로그램 · 일본어 능력시험 지원금,GPA:시트 · 어학:웹 · 수업언어:웹 · 전공:시트 · 위치:AI추정,https://www.dokkyo.ac.jp/english/exchange/program/japanese.html,intl-inbound@ml.dokkyo.ac.jp
JAPAN,Chuo University,모든 전공,교환학생 수용하는 모든 학과 개방,2.5/4.0,2학기 이상,명시 없음,제한 없음,준도시 — 도쿄 도심까지 지하철 약 15분,"일본어, 영어",JLPT N2 이상 (학과별 상이),국제 기숙사 제공 · 국제 라운지(G-square) 운영 · 파트너 대학 266개교,GPA:시트 · 어학:시트 · 수업언어:웹 · 전공:시트 · 위치:AI추정,https://www.chuo-u.ac.jp/english/admissions/exchange/semester-or-full-year/,exchange-grp@g.chuo-u.ac.jp
JAPAN,Shinshu University,모든 전공,교환학생 수용하는 모든 학과 개방,담당자 이메일 문의,제한 없음,7 credits,제한 없음,준도시 — 소도시 마쓰모토 시내 (나가노에서 버스와 기차 환승 약 2시간),"일본어, 영어",담당자 이메일 문의,연 40명 수용 · 재정 증명서 필수,GPA:이메일문의 · 어학:이메일문의 · 수업언어:웹 · 전공:시트 · 위치:AI추정,https://www.shinshu-u.ac.jp/institution/gec/en/prospective_students/gec_exchange_student_program/,gec_inbound@shinshu-u.ac.jp
JAPAN,Nagoya University,모든 전공,교환학생 수용하는 모든 학과,3.0/4.0,제한 없음 (성적표 제출만),15 credits (연간 30),제한 없음,준도시 — 나고야 도심까지 지하철 약 20분,"일본어, 영어",TOEFL iBT 79점 이상 또는 IELTS 6.0점 이상 또는 TOEIC 780점 이상 또는 JLPT N1 이상,사전 도착 정보·오리엔테이션 제공,GPA:시트 · 어학:시트 · 수업언어:시트 · 전공:시트 · 위치:AI추정,https://nupace.iee.nagoya-u.ac.jp/en/,kusumoto.keiko.h7@f.mail.nagoya-u.ac.jp
JAPAN,Kyoto University,생명공학대학,교환학생 수용하는 모든 학과,제한 없음/명시 없음,담당자 이메일 문의,담당자 이메일 문의,담당자 이메일 문의,준도시 — 교토 도심까지 지하철 약 15분,영어,담당자 이메일 문의,비영어권이지만 전 과정 영어 수업 · GPA 요건 없음 · 비학위 과정(특별청강생/특별연구생) 제공,GPA:시트 · 어학:이메일문의 · 수업언어:웹 · 전공:시트 · 위치:AI추정,https://www.kais.kyoto-u.ac.jp/english/international/exchange-programs/,"[1] agri-kyoumu1@mail2.adm.kyoto-u.ac.jp, [2] agri-kyoumu2@mail2.adm.kyoto-u.ac.jp"
JAPAN,Toyo University,모든 전공,교환학생 수용하는 모든 학과(理系 제외),2.5/4.0,확인필요,명시 없음,제한 없음,준도시 — 소도시 사와타 시내 (도쿄에서 기차 약 50분),"일본어, 영어",TOEFL iBT 72점 이상 또는 IELTS 5.5점 이상 또는 TOEIC 1530점 이상 (L&R+S&W×2.5 환산) 또는 JLPT N3 이상,"교환학생 기숙사 제공 · 오리엔테이션 및 특별 수업 제공 · ISEP, UMAP 등 국제 교류 프로그램 운영",GPA:시트 · 어학:웹 · 수업언어:웹 · 전공:시트 · 위치:AI추정,https://www.toyo.ac.jp/academics/international-exchange/prospective/exchange_program/,mlies@toyo.jp
JAPAN,Hokkaido University,모든 전공,교환학생 수용하는 모든 학과,3.0/4.0,2학기 이상,명시 없음,명시 없음,도시 — 삿포로 도심에 위치,"일본어, 영어",TOEFL iBT 79점 이상 또는 IELTS 6.5점 이상,도심 도보권 캠퍼스 · 대학 기숙사 배정 · 장학금 신청 가능,GPA:시트 · 어학:시트 · 수업언어:웹 · 전공:시트 · 위치:AI추정,https://www.global.hokudai.ac.jp/admissions/exchange-student-admissions/,hustep@oia.hokudai.ac.jp
JAPAN,Tohoku University,모든 전공,"모든 학과 개방 (JYPE: 과학/공학/농업, IPLA: 인문/사회과학, DEEP: 자연과학/공학/의학 등)","2.3/3.0 (장학금 기준, 지원 필수 아님)",프로그램별 상이 (JYPE 4학기·IPLA 2학기 이상),프로그램별 상이 (COLABS/JYPE/DEEP/IPLA),24 credits,준도시 — 센다이 도심까지 지하철 약 20분,"일본어, 영어",TOEFL iBT 79점 이상 또는 IELTS 6.0점 이상 (DEEP: JLPT N1),교환학생 기숙사 보장 · 필수 보험 2종 가입 · 공학·자연과학 특성화,GPA:시트 · 어학:웹 · 수업언어:웹 · 전공:시트 · 위치:AI추정,https://www.insc.tohoku.ac.jp/english/exchange/,studyab@grp.tohoku.ac.jp
JAPAN,Kyushu University,모든 전공,교환학생 수용하는 모든 학과,3.2/4.0,2학기 이상,"6과목 (JTW, 과목당 보통 2 credits)",20 credits,준도시 — 후쿠오카 도심까지 지하철 약 20분,"일본어, 영어",TOEFL-iBT 79점 이상 또는 IELTS 6.0점 이상,파트너 대학 협약 체결,GPA:시트 · 어학:시트 · 수업언어:웹 · 전공:시트 · 위치:AI추정,https://www.isc.kyushu-u.ac.jp/intlweb/en/admission/exchangetop,exchange@jimu.kyushu-u.ac.jp
KAZAKHSTAN,KIMEP University,모든 전공,교환학생 수용하는 모든 학과,2.67/4.33,2학기 이상,9 US credits (15 ECTS),18 US credits (30 ECTS),준도시 — 알마티 도심까지 버스 약 15분,영어,SKKU 어학확인서 인정,비영어권이지만 전 과정 영어 수업 · 공인 어학성적 없이 지원 가능 · 카자흐스탄 최대 영어 강의 대학,GPA:시트 · 어학:시트 · 수업언어:웹 · 전공:시트 · 위치:AI추정,No,incoming@kimep.kz
LITHUANIA,Vytautas Magnus University,모든 전공,교환학생 수용하는 모든 학과 개방 (예술/음악 전공자만 해당 학과 수강 가능),70/100,2학기 이상 (학부) / 1학기 (대학원),24 ECTS,36 ECTS (권장),준도시 — 카우나스 도심까지 버스 약 15분,영어,TOEFL iBT 72점 이상 또는 IELTS 5.5점 이상 또는 TOEIC 785점 이상 또는 Duolingo 100점 이상,비영어권이지만 전 과정 영어 수업 · VMU 기숙사에서 다른 국제학생과 생활 · VMU 멘토 프로그램 및 오리엔테이션 데이 제공 · 연간 2000명+ 80개국 이상 교환학생 수용,GPA:웹 · 어학:웹 · 수업언어:시트 · 전공:시트 · 위치:AI추정,https://www.vdu.lt/en/international-cooperation/for-students/vmu-bilateral-exchange-studies/incoming-exchange-students/,juste.lenortaviciene@vdu.lt
MEXICO,Tecnologico de Monterrey (ITESM),모든 전공,교환학생 수용하는 모든 학과 개방,2.5/4.0 (멕시코식 80/100),2학기 이상,3 TEC credits (약 5 ECTS),18 TEC credits (약 30 ECTS),준도시 — 몬테레이 도심까지 버스 약 30분,"스페인어, 영어",영어 CEFR B1 이상,문화·스포츠·특별 관심사 그룹 활동 제공 · QS 세계 사립대 29위,GPA:시트 · 어학:시트 · 수업언어:시트 · 전공:시트 · 위치:AI추정,https://studyinmexico.tec.mx/en,maria.alonsoji@tec.mx
NETHERLANDS,Hanze University of Applied Sciences,모든 전공,교환학생 수용하는 모든 학과 개방,제한 없음/명시 없음,명시 없음,30 ECTS,30 ECTS,준도시 — 소도시 흐로닝언 시내 (암스테르담에서 기차 약 2시간),영어,명시 없음,비영어권이지만 전 과정 영어 수업 · GPA 요건 없음 · 교내 기숙사 미보장·조기신청 필요 · 파트너 대학 300개교 이상,GPA:시트 · 어학:시트 · 수업언어:시트 · 전공:시트 · 위치:AI추정,www.hanze.nl/exchange,exchange@org.hanze.nl
NETHERLANDS,Radboud University,모든 전공,교환학생 수용하는 모든 학과,담당자 이메일 문의,명시 없음 (법·경영 과목은 60 ECTS 이수 필요),제한 없음 (비자상 25 ECTS 필요),제한 없음 (통상 30 ECTS),준도시 — 소도시 니메헌 시내 (위트레흐트에서 기차 약 1시간),"네덜란드어, 영어",IELTS Academic 6.0점 이상 또는 TOEFL iBT 80점 이상 또는 PTE Academic 61점 이상 또는 Cambridge B2 First 173점 이상,오리엔테이션 활동 제공 · 비EEA 학생 비자 지원 및 최소 20 ECTS 수강 필요 · 네덜란드 연구 중심 종합대학,GPA:이메일문의 · 어학:웹 · 수업언어:웹 · 전공:시트 · 위치:AI추정,https://www.ru.nl/en/education/more-education-and-training/courses-for-exchange-students/for-partner-universities,studentexchange@ru.nl
NETHERLANDS,Tilburg University,경제대학/경영대학,교환학생 수용하는 모든 학과 개방,제한 없음/명시 없음,3학기 이상 (권장 4학기),1과목 (보통 6 ECTS),36 ECTS,준도시 — 소도시 틸뷔르흐 시내 (로테르담에서 기차 약 80분),영어,학부: IELTS 6.0점 또는 TOEFL iBT 80점 이상 / 석사: IELTS 6.5점 또는 TOEFL iBT 95점 이상,비영어권이지만 전 과정 영어 수업 · GPA 요건 없음 · 교내 기숙사 미보장·조기신청 필요 · Inclusive Mobility 지원 서비스 제공,GPA:시트 · 어학:웹 · 수업언어:웹 · 전공:시트 · 위치:AI추정,https://www.tilburguniversity.edu/education/exchange-programs,studyabroad@tilburguniversity.edu
NETHERLANDS,NHL Stenden University of Applied Sciences,모든 전공,교환학생 수용하는 모든 학과,2.0/4.0,4학기 이상,30 ECTS,36 ECTS,준도시 — 소도시 르우아르던 시내 (암스테르담에서 기차 약 2시간 30분),영어,영어 CEFR B2 이상,비영어권이지만 전 과정 영어 수업 · 교환학생 전용 오리엔테이션 주 제공 · 홈대학 학점 인정 가능 · 실용적 교육 중심 응용과학대학,GPA:시트 · 어학:시트 · 수업언어:웹 · 전공:시트 · 위치:AI추정,https://www.nhlstenden.com/en/why-nhl-stenden/international-opportunities/exchange,io@nhlstenden.com
NETHERLANDS,Fontys University of Applied Sciences,모든 전공,교환학생 수용하는 모든 학과,프로그램별 상이,2학기 이상,30 ECTS,30 ECTS,도시 — 에인트호번 도심에 위치,영어,프로그램별 상이,도심 도보권 캠퍼스 · 비영어권이지만 전 과정 영어 수업,GPA:시트 · 어학:시트 · 수업언어:웹 · 전공:시트 · 위치:AI추정,Exchange programmes | Fontys,studyabroad@fontys.nl
NETHERLANDS,Maastricht University,모든 전공,"(마흐스트리트 지원자는 본인이 지원하고자 하는 영역을 아래에서 정확하게 확인하시고, 지원 시 캠퍼스를 기재하시기 바랍니다)
1. School of Business and Economics (10명)
 2. Univeristy College Maastricht (1명)
 3. Maastricht Science Programme(2명) - Maastricht Campus",3.0/4.0 (경영경제대학 SBE는 제한 없음),"2학기 이상 (SBE 기준, 60 ECTS)",학부별 상이 (UCM 20 ECTS 등),30 ECTS (학부별 상이),준도시 — 소도시 마스트리흐트 시내 (아헨에서 버스 및 기차 환승 약 60분),영어,"학부별 상이 (MSP는 TOEFL iBT 90점 이상 등, UCM은 웹사이트 참조)",비영어권이지만 전 과정 영어 수업 · 연 650명+ 교환학생 수용 · 경영 트리플크라운 인증,GPA:시트 · 어학:시트 · 수업언어:시트 · 전공:시트 · 위치:AI추정,"1. School of Business and Economics: https://www.maastrichtuniversity.nl/education/exchange/sbe
 2. Univeristy College Maastricht: www.ucm.nl/exchange 
 3. Maastricht Science Programme: https://www.maastrichtuniversity.nl/education/exchange/faculty-science-and-engineering/msp-exchange-programme","1. School of Business and Economics: incoming-sbe@maastrichtuniversity.nl
 2. Univeristy College Maastricht: ucm-iro-incoming@maastrichtuniversity.nl
 3. Maastricht Science Programme: fse-iro@maastrichtuniversity.nl"
NETHERLANDS,Inholland University of Applied Sciences,모든 전공,교환학생 수용하는 모든 학과 개방,제한 없음/명시 없음,4학기 이상,30 ECTS (고정 패키지),30 ECTS (고정 패키지),도시 — 암스테르담 도심에 위치,영어,영어 CEFR B2 이상,도심 도보권 캠퍼스 · 비영어권이지만 전 과정 영어 수업 · 수강 신청 시 최소/최대 인원 제한으로 캠퍼스·강의 변경 가능성 있음 · 응용과학대학(Holland Applied Sciences),GPA:시트 · 어학:시트 · 수업언어:시트 · 전공:시트 · 위치:AI추정,For this year: https://www.inholland.nl/inhollandcom/exchange/ects-course-guides/course-catalogue-2025-2026/,incoming@inholland.nl
NETHERLANDS,Erasmus University Rotterdam,글로벌경제학과,교환학생 수용하는 모든 학과,"명시 없음 (미시·거시경제, 통계, 수학 선수과목 요구)",2학기 이상 (1년),24 ECTS (권장),30 ECTS,도시 — 로테르담 도심에 위치,영어,TOEFL iBT 90점 이상 또는 IELTS 6.5점 이상,"도심 도보권 캠퍼스 · 비영어권이지만 전 과정 영어 수업 · 블록제 운영(8주 수업+1주 시험), 1블록 12~16EC 권장 · 경영·경제 특성화 대학",GPA:시트 · 어학:시트 · 수업언어:시트 · 전공:시트 · 위치:AI추정,https://www.eur.nl/en/ese/exchange/visiting-students,incoming.exchange@ese.eur.nl
NETHERLANDS,HU University of Applied Sciences Utrecht,모든 전공,교환학생 수용하는 모든 학과,제한 없음/명시 없음,4학기 이상,30 ECTS,35 ECTS,도시 — 위트레흐트 도심에 위치,영어,영어 CEFR B2 이상,도심 도보권 캠퍼스 · 비영어권이지만 전 과정 영어 수업 · 실용학문 중심 대학,GPA:시트 · 어학:시트 · 수업언어:시트 · 전공:시트 · 위치:AI추정,https://www.internationalhu.com/programmes#/typeofprogramme=a90b3191-d174-4155-b7c9-7b3e39665cc3,exchange@hu.nl
NETHERLANDS,Vrije Universiteit Amsterdam,모든 전공,교환학생 수용하는 모든 학과,제한 없음/명시 없음,2학기 이상,24 ECTS,36 ECTS,준도시 — 암스테르담 도심까지 트램 약 15분,영어,명시 없음,"비영어권이지만 전 과정 영어 수업 · GPA 요건 없음 · 연 1,100개 이상 영어 강의 제공 · 홈 대학 공식 추천 필요",GPA:시트 · 어학:시트 · 수업언어:웹 · 전공:시트 · 위치:AI추정,https://vu.nl/en/education/exchange,incoming@vu.nl
NETHERLANDS,Leiden University,모든 전공,모든 학부 개방(의·약·법 포함),3.0/4.0,4학기 이상,15 ECTS,30 ECTS,준도시 — 소도시 레이던 시내 (암스테르담에서 기차 약 45분),영어,TOEFL iBT 90점 이상 또는 IELTS 6.5점 이상 또는 Cambridge C1 Advanced 180점 이상,비영어권이지만 전 과정 영어 수업 · 국제 교환 코디네이터 지원 · 네덜란드 최상위권 종합대,GPA:시트 · 어학:웹 · 수업언어:시트 · 전공:시트 · 위치:AI추정,https://www.student.universiteitleiden.nl/en/vr/incoming-exchange?cf=university&cd=guest,exchange@sea.leidenuniv.nl
NORWAY,University of Oslo,모든 전공,교환학생 수용하는 모든 학과,C 이상 (ECTS 등급),4학기 이상,명시 없음 (풀타임 기대),제한 없음,도시 — 오슬로 도심에 위치,영어,학부: IELTS 5.0점 또는 TOEFL iBT 60점 이상 / 석사: IELTS 6.5점 또는 TOEFL iBT 90점 이상,도심 도보권 캠퍼스 · 비영어권이지만 전 과정 영어 수업 · 교환학생 기숙사 우선 배정 · 가을학기 8월 10일 시작,GPA:시트 · 어학:웹 · 수업언어:시트 · 전공:시트 · 위치:AI추정,https://www.uio.no/english/studies/admission/exchange/,studieinfo@mn.uio.no
NORWAY,University of Bergen,모든 전공,교환학생 수용하는 모든 학과(의·약·법·음악(Performance/Composition)·미술·디자인 제외),담당자 이메일 문의,2학기 이상 (60 ECTS),30 credits,확인필요,준도시 — 소도시 베르겐 시내 (오슬로에서 기차 약 5시간 (300분)),영어,영어 CEFR B2 이상 (영문학 전공 C1),비영어권이지만 전 과정 영어 수업 · 교환학생 기숙사 보장,GPA:이메일문의 · 어학:웹 · 수업언어:시트 · 전공:시트 · 위치:AI추정,https://www4.uib.no/en/studies/for-exchange-students-at-uib/how-to-nominate-students-for-exchange-to-uib,incoming@uib.no.
PERU,Pontifical Catholic University of Peru,모든 전공,교환학생 수용하는 모든 학과,담당자 이메일 문의,2학기 이상,1과목 이상,22 PUCP credits (권장 12~15),준도시 — 리마 도심까지 버스 약 30분,스페인어,스페인어 CEFR B2 이상,파트너 300개교+ · 교환학생 장학금 제공 · QS 페루 1위 종합대,GPA:이메일문의 · 어학:시트 · 수업언어:웹 · 전공:시트 · 위치:AI추정,https://internacionalizacion.pucp.edu.pe/,exchange@pucp.edu.pe
POLAND,SGH Warsaw School of Economics,모든 전공,교환학생 수용하는 모든 학과,제한 없음/명시 없음,2학기 이상,홈교 기준,홈교 기준,준도시 — 바르샤바 도심까지 지하철 약 15분,"폴란드어, 영어",TOEFL iBT 79점 이상 또는 IELTS 6.0점 이상 또는 TOEIC 750점 이상,GPA 요건 없음 · 오리엔테이션 주간 및 버디 프로그램 제공 · 비파트너 대학생도 1학기 또는 1년 자유수강 가능 · 폴란드 최고 경제·경영 대학,GPA:시트 · 어학:시트 · 수업언어:시트 · 전공:시트 · 위치:AI추정,https://www.sgh.waw.pl/en/student/international-programs-incoming-students,mkomore@sgh.waw.pl
PORTUGAL,Instituto Superior Tecnico (IST),모든 전공,교환학생 수용하는 모든 학과 개방 (건축학 4~5학년만 가능),12.5/20,5학기 이상,6 ECTS,36 ECTS,준도시 — 리스본 도심까지 버스 약 15분,"포르투갈어, 영어",IELTS 5.5점 이상 또는 TOEFL iBT 55점 이상 또는 Duolingo 95점 이상 또는 EFSET 55점 이상,"1학기 30~36 ECTS 권장, 최대 36 ECTS 선택 가능 · 공학·기술 특성화 대학",GPA:시트 · 어학:시트 · 수업언어:웹 · 전공:시트 · 위치:AI추정,https://aai.tecnico.ulisboa.pt/en/nucleo-de-mobilidade-e-parcerias-internacionais/do-mundo-para-o-tecnico/candidaturas-in/,outsideeurope@tecnico.ulisboa.pt
SINGAPORE,Singapore University of Technology and Design (SUTD),모든 전공,"교환학생 수용하는 모든 학과(ASD, EPD, ESD, ISTD, DAI, HASS, SMT)",3.0/5.0,명시 없음,24 SUTD credits,48 SUTD credits,준도시 — 싱가포르 도심까지 지하철 약 20분,영어,공인성적 불요 (영어 수강 가능 수준),공인 어학성적 없이 지원 가능 · 교내 기숙사 미보장·조기신청 필요 · 전담 오리엔테이션·학생 지원 서비스 · 연 200명+ 교환학생 수용,GPA:시트 · 어학:시트 · 수업언어:시트 · 전공:웹 · 위치:AI추정,https://www.sutd.edu.sg/campus-life/global-experience-and-exchange/student-exchange/inbound/inbound-exchange/,global@sutd.edu.sg
SINGAPORE,Nanyang Technological University (NTU),모든 전공,교환학생 수용하는 모든 학과,3.3/5.0,2학기 이상,제한 없음,20 AU (6과목),준도시 — 싱가포르 도심까지 버스 약 45분,영어,IELTS 6.0점 이상 (Writing 6.0) 또는 TOEFL iBT 90점 이상 (홈교 확인서 대체 가능),기숙사 신청 필요 · 교환학생 포털·오리엔테이션 제공 · 파트너 350+개교 · 장학금 미제공,GPA:웹 · 어학:웹 · 수업언어:시트 · 전공:시트 · 위치:AI추정,"1. https://gem.ntu.edu.sg/index.cfm?FuseAction=Programs.ViewProgramAngular&id=10006
 2. https://www.ntu.edu.sg/education/student-exchanges/exchange-programmes/inbound-programmes#Content_C113_Col00",GEM-Trailblazer@ntu.edu.sg
SINGAPORE,Singapore Management University,모든 전공,교환학생 수용하는 모든 학과,제한 없음/명시 없음,2학기 이상,2 SMU credits,4 SMU credits,도시 — 싱가포르 도심에 위치,영어,TOEFL PBT 583점 이상 또는 TOEFL iBT 93점 이상 또는 IELTS 7.0점 이상 또는 C1 Advanced 185점 이상,도심 도보권 캠퍼스 · GPA 요건 없음 · 교내 기숙사 미보장·개인 주거 선택 · 오리엔테이션(리틀 인디아·차이나타운 방문) 및 글로벌 네트워크 기회,GPA:시트 · 어학:시트 · 수업언어:웹 · 전공:시트 · 위치:AI추정,https://geo.smu.edu.sg/study-in-smu/international-student-exchange-programme,isep.inbound@smu.edu.sg
SPAIN,University of Alicante,모든 전공,교환학생 수용하는 모든 학과 개방,제한 없음/명시 없음,2학기 이상,18 ECTS,30 ECTS,준도시 — 알리칸테 도심까지 버스 약 15분,"스페인어, 영어",명시 없음,"GPA 요건 없음 · 오리엔테이션 제공 · 스페인어 무료 수강(교재비 €60), 영어 강의 제한적",GPA:시트 · 어학:시트 · 수업언어:웹 · 전공:시트 · 위치:AI추정,https://sri.ua.es/en/movilidad/incoming-students.html,globalmobility@ua.es
SPAIN,Polytechnic University of Valencia,모든 전공,교환학생 수용하는 모든 학과,제한 없음/명시 없음,2학기 이상,20 ECTS,30 ECTS,준도시 — 발렌시아 도심까지 지하철 약 20분,스페인어,TOEFL iBT 80점 이상,GPA 요건 없음 · 기숙사 미보장·조기신청 필요 · 멘토 프로그램 제공 · 스페인어 필수·스페인어 과정 제공,GPA:시트 · 어학:시트 · 수업언어:웹 · 전공:시트 · 위치:AI추정,https://www.upv.es/entidades/OPII/infoweb/pi/info/818854normali.html,macaball@upv.es
SPAIN,Autonomous University of Barcelona,모든 전공,"Faculty of Biosciences, Faculty of Translation and Interpreting",담당자 이메일 문의,4학기 이상,명시 없음 (비자 요건 유의),제한 없음,준도시 — 소도시 셀라트 시내 (바르셀로나에서 버스 및 기차 약 45분),영어,명시 없음,"비영어권이지만 전 과정 영어 수업 · 교환학생 기숙사 신청 가능 · 연 2,000명+ 교환학생 수용 · €4.02 보험비 납부 필수",GPA:이메일문의 · 어학:시트 · 수업언어:웹 · 전공:시트 · 위치:AI추정,https://www.uab.cat/web/mobility-international-exchange/mobility-international-exchange-programmes/erasmus-uab-exchange-in/erasmus-exchange-studies-incoming-1345895725317.html,uab.exchange.programme@uab.cat
SPAIN,Esade Business School,글로벌경영학과,교환학생 수용하는 모든 학과,제한 없음/명시 없음,2학기 이상 (1년),20 ECTS,33 ECTS,준도시 — 소도시 산트 쿠가트 델 발레스 중심까지 버스 약 40분 (바르셀로나에서 버스 약 35분),영어,공인성적 불요,비영어권이지만 전 과정 영어 수업 · 공인 어학성적 없이 지원 가능 · 모든 등록 과목 출석 필수 · 경영·법학 분야 트리플크라운 인증,GPA:시트 · 어학:시트 · 수업언어:시트 · 전공:시트 · 위치:AI추정,https://www.esade.edu/en,maria.gambin@esade.edu
SPAIN,University of Deusto,모든 전공,교환학생 수용하는 모든 학과,담당자 이메일 문의,명시 없음,30 ECTS,제한 없음,준도시 — 빌바오 도심까지 지하철 약 15분,영어,공인성적 불요 (영어 B2 권장),비영어권이지만 전 과정 영어 수업 · 공인 어학성적 없이 지원 가능 · 스페인 북부 명문 사립대,GPA:이메일문의 · 어학:시트 · 수업언어:시트 · 전공:시트 · 위치:AI추정,https://www.deusto.es/es/inicio/internacional/estudiantes-internacionales?_gl=1*oaveu4*_up*MQ..*_ga*NzU1Njg5MzgzLjE3NjU1MzcyNDc.*_ga_ZVJ1XGGKPL*czE3NjU1MzcyNDckbzEkZzEkdDE3NjU1MzcyNDkkajU4JGwwJGgw,incoming@deusto.es
SPAIN,University of Navarra,모든 전공,교환학생 수용하는 모든 학과,2.3/4.0,3학기 이상,24 ECTS,30 ECTS,준도시 — 소도시 팜플로나 시내 (빌바오에서 기차 약 120분),"스페인어, 영어",스페인어 또는 영어 CEFR B2 이상,버디 프로그램 운영 · 연 수백 명 교환학생 수용 · 무료 스페인어 과정 제공 · 의학·경영·공학 특성화,GPA:시트 · 어학:시트 · 수업언어:웹 · 전공:시트 · 위치:AI추정,https://www.unav.edu/estudiantes/programas-de-intercambio/incoming,exchangeunav@unav.es
SPAIN,IE University,모든 전공,교환학생 수용하는 모든 학과 개방,담당자 이메일 문의,1학기 이상,홈교 기준,30 ECTS (+선택 스페인어 3 ECTS),"준도시 — 소도시·마을(세고비아) 소재, 마드리드에서 버스 약 60분",영어,TOEFL iBT 100점 이상 또는 IELTS 7.0점 이상 또는 Duolingo 130점 이상,비영어권이지만 전 과정 영어 수업 · 파트너 200개교 이상 · 2026년 2월 업데이트 예정 · 경영 트리플크라운 인증,GPA:이메일문의 · 어학:시트 · 수업언어:시트 · 전공:시트 · 위치:AI추정,https://www.ie.edu/university/ieu-experience/international-experience/,geo.incoming@ie.edu
SWEDEN,Halmstad University,모든 전공,교환학생 수용하는 모든 학과,담당자 이메일 문의,2학기 이상 (1년),30 ECTS,45 ECTS,준도시 — 소도시 할름스타드 시내 (예테보리에서 기차 약 120분),영어,영어 CEFR B2 이상,"비영어권이지만 전 과정 영어 수업 · 1학기 30학점 권장, 6개 과목 선호순 신청 · 공학·IT·에너지 기술 특성화",GPA:이메일문의 · 어학:시트 · 수업언어:웹 · 전공:시트 · 위치:AI추정,https://www.hh.se/english/education/apply-to-halmstad-university/apply-as-exchange-student.html,helpdesk.exchange@hh.se
SWEDEN,Linkoping University,모든 전공,교환학생 수용하는 모든 학과,제한 없음/명시 없음,명시 없음 (권장 2~4학기),30 ECTS,45 ECTS,준도시 — 소도시 링셰핑 시내 (스톡홀름에서 기차 약 120분),영어,TOEFL iBT 60점 이상 또는 IELTS 6.0점 이상,비영어권이지만 전 과정 영어 수업 · GPA 요건 없음 · 트라이메스터제 운영(학기당 15주 내외),GPA:시트 · 어학:시트 · 수업언어:시트 · 전공:시트 · 위치:AI추정,https://liu.se/en/article/application-procedure-faculty-of-arts-and-sciences,international@ffk.liu.se
SWEDEN,Uppsala University,모든 전공,교환학생 수용하는 모든 학과,제한 없음/명시 없음,2학기 이상,22.5 credits (비EU 비자는 30 필요),37.5 credits,준도시 — 소도시 웁살라 시내 (스톡홀름에서 기차 약 45분),영어,영어 CEFR B2 이상,비영어권이지만 전 과정 영어 수업 · GPA 요건 없음 · 드롭인 서비스 및 온라인 상담 제공 · 900개 이상 교환학생 과정 제공,GPA:시트 · 어학:시트 · 수업언어:시트 · 전공:시트 · 위치:AI추정,https://www.uu.se/en/study/exchange-studies,mobility@uu.se
SWEDEN,Linnaeus University,모든 전공,교환학생 수용하는 모든 학과,담당자 이메일 문의,과정별 상이,30 credits,45 credits,준도시 — 소도시 칼마르 또는 벡셰 시내 (말뫼에서 기차 약 120분),영어,영어 CEFR B2 이상,비영어권이지만 전 과정 영어 수업 · 트라이메스터제 운영,GPA:이메일문의 · 어학:시트 · 수업언어:시트 · 전공:시트 · 위치:AI추정,https://lnu.se/en/education/exchange-studies/,inexchange@lnu.se
SWITZERLAND,University of Applied Sciences and Arts Northwestern Switzerland,경영대학/사회과학대학,교환학생 수용하는 모든 학과,담당자 이메일 문의,2학기 이상 (60 ECTS),15 ECTS,30~33 ECTS (권장),준도시 — 소도시 올텐 시내 (취리히에서 기차 약 20분),"독일어, 영어",TOEFL iBT 72점 이상 또는 IELTS 6.0점 이상 또는 TOEIC 785점 이상,ESN FHNW 학생 조직 지원 · 다양한 캠퍼스·전공 과목 선택 가능 · 응용과학·예술 분야 특성화 대학,GPA:이메일문의 · 어학:시트 · 수업언어:시트 · 전공:시트 · 위치:AI추정,https://www.fhnw.ch/en/degree-programmes/business/international-experience/offers-for-incoming-students,io.business@fhnw.ch
SWITZERLAND,ZHAW Zurich University of Applied Sciences,모든 전공,교환학생 수용하는 모든 학과,담당자 이메일 문의,2학기 이상 (학사과정),15 ECTS,45 ECTS,준도시 — 소도시 빈터투어 시내 (취리히에서 기차 약 20분),"독일어, 영어",영어 CEFR B2 이상,국제학생 전담 학업 지원 코디네이터 및 오리엔테이션 주 제공 · 교통카드(할프탁스·세븐25) 구매 권장 및 ECTS 초과 신청 권장 · 경영 트리플크라운 인증(AACSB·EQUIS·AMBA),GPA:이메일문의 · 어학:시트 · 수업언어:웹 · 전공:시트 · 위치:AI추정,https://www.zhaw.ch/en/sml/study/international/incoming-students,incoming.area1.sml@zhaw.ch
SWITZERLAND,University of Bern,모든 전공,대부분 학부 개방(의·수의학 제외),담당자 이메일 문의,2학기 이상,명시 없음 (권장 20~25 ECTS),30 ECTS,준도시 — 소도시 베른 시내 (취리히에서 기차 약 1시간 20분),"독일어, 영어",TOEFL iBT 80점 이상 또는 IELTS 6.0점 이상,교환학생 권장 학점 20-25 ECTS,GPA:이메일문의 · 어학:시트 · 수업언어:웹 · 전공:웹 · 위치:AI추정,https://www.unibe.ch/studies/mobility/incoming/worldwide/worldwide_exchange/application/index_eng.html; incoming.unibe.ch,worldwide.int@unibe.ch
TAIWAN,Feng Chia University,모든 전공,교환학생 수용하는 모든 학과,2.8/4.0,2학기 이상,12 credits (학부) / 3 (대학원),25 credits (학부) / 12 (대학원),준도시 — 타이중 도심까지 버스 약 20분,"중국어, 영어",TOEFL iBT 61점 이상 또는 TOEFL ITP 500점 이상 또는 TOEFL CBT 173점 이상 또는 TOEIC 550점 이상 또는 IELTS 4.0점 이상 또는 HSK Level 5점 이상 또는 TOCFL Level 3점 이상,공학·경영 특성화,GPA:시트 · 어학:시트 · 수업언어:시트 · 전공:시트 · 위치:AI추정,https://oia.fcu.edu.tw/overseas-students/inbound_international/,oia_in@o365.fcu.edu.tw
TAIWAN,National Sun Yat-sen University,모든 전공,교환학생 수용하는 모든 학과,제한 없음/명시 없음,2학기 이상,3 credits,25 credits,준도시 — 가오슝 도심까지 버스 약 30분,영어,명시 없음 (영어 B2 강력 권장),비영어권이지만 전 과정 영어 수업 · GPA 요건 없음 · 교내 기숙사 미보장·자체 주거 확보 필요,GPA:시트 · 어학:시트 · 수업언어:웹 · 전공:시트 · 위치:AI추정,https://oia.nsysu.edu.tw/p/412-1308-20581.php?Lang=en,oia.exchange@mail.nsysu.edu.tw
TAIWAN,National Tsing Hua University,모든 전공,교환학생 수용하는 모든 학과,3.0/4.3,2학기 이상,9 credits (학부; 대학원 1과목),25 credits (학부),준도시 — 신주 도심까지 버스 약 15분,"중국어, 영어",TOEFL iBT 79점 이상 또는 IELTS 6.0점 이상,공학·반도체 분야 특성화,GPA:시트 · 어학:시트 · 수업언어:시트 · 전공:시트 · 위치:AI추정,https://oga.site.nthu.edu.tw/p/412-1524-18681.php?Lang=en,cyuliu@mx.nthu.edu.tw
TAIWAN,National Chiao Tung University,모든 전공,교환학생 수용 모든 학과 개방(의·약·법 제한 없음),2.75~3.0/4.0 (전공별 상이),4학기 이상,9 NYCU credits (18 ECTS),제한 없음,준도시 — 신베이시 도심까지 버스 약 30분,"중국어, 영어",TOEFL iBT 79점 이상 또는 IELTS 6점 이상 또는 TOEIC 750점 이상 또는 CEFR B1 이상,"9학점(학부)/2과목(대학원) 최소 수강, 전체 대학 과목 선택 가능 · 공학·컴퓨터과학 특성화",GPA:시트 · 어학:시트 · 수업언어:시트 · 전공:시트 · 위치:AI추정,https://oia.nycu.edu.tw/oia/en/app/artwebsite/view?module=artwebsite&id=821&serno=a277c341-8d25-4a51-8495-58d1d58bbc5d,ex-in@nycu.edu.tw
TAIWAN,National Chengchi University,모든 전공,교환학생 수용하는 모든 학과,2.75/4.0,명시 없음,명시 없음,25 credits,준도시 — 타이베이 도심까지 버스 약 20분,"중국어, 영어",명시 없음,Buddy Program (학우 멘토링) 운영 · 교환학생 장학금 다수 운영 (傑出交換生獎學金 등),GPA:시트 · 어학:시트 · 수업언어:웹 · 전공:시트 · 위치:AI추정,https://oic.nccu.edu.tw/,ykuo088@g.nccu.edu.tw
TAIWAN,National Taiwan University,모든 전공,교환학생 수용하는 모든 학과,3.0/4.0,1학기 이상,4 credits (2과목),25 credits (학부) / 20 (대학원),준도시 — 타이베이 도심까지 지하철 약 15분,"중국어, 영어",TOEFL iBT 72점 이상 또는 IELTS 5.5점 이상 또는 TOCFL Band B Level 3점 이상 또는 HSK Level 5점 이상,국제학생 자원봉사자(버디) 지원 · 환영 활동 필수 참석(결석 시 입학 취소) · QS 세계대학랭킹 50위권 종합대,GPA:시트 · 어학:시트 · 수업언어:시트 · 전공:시트 · 위치:AI추정,https://isss.ntu.edu.tw/exchange-visiting-students/overview/,intstudent@ntu.edu.tw
THAILAND,Mae Fah Luang University,자연과학대학,12개 학부(15개 중) 개방(의학·약학·법학 제외),제한 없음/명시 없음,2학기 이상,9 credits,21 credits,준도시 — 소도시 치앙라이 시내 (치앙마이에서 버스 약 12시간),영어,명시 없음,비영어권이지만 전 과정 영어 수업 · GPA 요건 없음 · 기숙사 시설 제공 · 영어 강의 제공,GPA:시트 · 어학:시트 · 수업언어:웹 · 전공:웹 · 위치:AI추정,https://en.mfu.ac.th/en-mfu-links/mfu-student-exchange-programme-inbound-students.html,global@mfu.ac.th
THAILAND,Chulalongkorn University,공과대학,교환학생 수용하는 모든 학과,2.75/4.0,2학기 이상,명시 없음,22 credits (학부) / 6 (대학원),준도시 — 방콕 도심까지 버스 약 15분,영어,TOEFL iBT 79점 이상 또는 IELTS 6.0점 이상,비영어권이지만 전 과정 영어 수업 · Chula Link 장학금(2026학년도 1학기 국제학생 대상) · 태국 최고 명문 종합대학,GPA:시트 · 어학:시트 · 수업언어:시트 · 전공:시트 · 위치:AI추정,https://www.inter.chula.ac.th/exchange/,cuexchange.inbound@chula.ac.th
THAILAND,King Mongkut’s University of Technology Thonburi,자연과학대학,교환학생 수용하는 모든 학과 개방,2.0/4.0,2학기 이상,8 credits,12 credits,준도시 — 방콕 도심까지 버스 약 30분,"태국어, 영어",명시 없음,공학 및 과학기술 특성화,GPA:시트 · 어학:시트 · 수업언어:웹 · 전공:시트 · 위치:AI추정,https://eds.kmutt.ac.th/curriculum/courses-offered/fsci/,nitchakarn.jer@mail.kmutt.ac.th
TURKEY,Hacettepe University,모든 전공,교환학생 수용하는 모든 학과,명시 없음 (4.0 스케일만 기재),2학기 이상,확인필요,확인필요,준도시 — 앙카라 도심까지 버스 약 20분,"터키어, 영어",수업언어 CEFR B1 이상,GPA 요건 없음 · 교환학생 기숙사 예약 가능 · UNI 101 오리엔테이션·터키어 지원·국제우정의 날 행사 · UNI 101 9월·10월 세션 필수 참여,GPA:시트 · 어학:시트 · 수업언어:웹 · 전공:시트 · 위치:AI추정,https://www.hacettepe.edu.tr/international/international_students,uob@hacettepe.edu.tr
TURKEY,Ankara University,모든 전공,교환학생 수용하는 모든 학과,담당자 이메일 문의,1학기 이상,명시 없음,단과대별 상이,준도시 — 앙카라 도심까지 버스 약 15분,"터키어, 영어",터키어 또는 영어 CEFR B2 이상,교환학생 오리엔테이션 및 버디 프로그램 운영 · 니가타대 여름 프로그램 무료 수강 가능 · 터키 최초·최대 국립 종합대학,GPA:이메일문의 · 어학:시트 · 수업언어:시트 · 전공:시트 · 위치:AI추정,https://iso.ankara.edu.tr/,iso@ankara.edu.tr
TURKEY,Istanbul Technical University,모든 전공,교환학생 수용하는 모든 학과,3.00/4.00,2학기 이상,10 ECTS,제한 없음,준도시 — 이스탄불 도심까지 지하철 약 30분,"터키어, 영어",SKKU 어학확인서 인정,공인 어학성적 없이 지원 가능 · 공학 특성화,GPA:시트 · 어학:시트 · 수업언어:웹 · 전공:시트 · 위치:AI추정,https://global.itu.edu.tr/students/international-programs/global-exchange-students,globalexchange@itu.edu.tr
TURKEY,Bogazici University,모든 전공,교환학생 수용하는 모든 학과 개방,담당자 이메일 문의,4학기 이상,"17~21 Bogazici credits (약 20~30 ECTS, 4~6과목)",확인필요,준도시 — 이스탄불 도심까지 버스 약 30분,영어,담당자 이메일 문의,비영어권이지만 전 과정 영어 수업 · 터키 최고 명문 종합대,GPA:이메일문의 · 어학:이메일문의 · 수업언어:시트 · 전공:시트 · 위치:AI추정,https://intl.bogazici.edu.tr,exchange-incoming@bogazici.edu.tr
UNITED KINGDOM,SOAS University of London,모든 전공,교환학생 수용하는 모든 학과,3.3/4.0 (학업동기 우수 시 3.0/4.0),2학기 이상,45 UK credits,60 UK credits,도시 — 런던 도심에 위치,영어,IELTS 6.0점 이상 (Academic/UKVI/Online) 또는 TOEFL iBT 95점 이상,도심 도보권 캠퍼스 · 기숙사 신청 가능(풀년·학기별 옵션) · 오리엔테이션 주 제공(학기별 1주) · 연 200명+ 교환학생 수용(학기별 100명+),GPA:시트 · 어학:웹 · 수업언어:시트 · 전공:시트 · 위치:AI추정,https://www.soas.ac.uk/study/study-abroad-and-exchange/inbound-students-study-abroad,studyabroad@soas.ac.uk
UNITED KINGDOM,University of Leicester,모든 전공,교환학생 수용하는 모든 학과,3.0/4.0,2학기 이상,45 UK credits,60 UK credits,도시 — 레스터 도심에 위치,영어,IELTS 6.5점 이상 (일부 과목 6.0),도심 도보권 캠퍼스 · 기숙사 제공·신청 절차 안내 · 비자 신청 시 CAS 발급 필요 · 영국 연구 중심 종합대학,GPA:웹 · 어학:웹 · 수업언어:시트 · 전공:시트 · 위치:AI추정,https://le.ac.uk/cite/study-abroad-unit/incoming,studyabroad@le.ac.uk
UNITED KINGDOM,University of Sheffield,모든 전공,교환학생 수용하는 모든 학과,50/100 (UK 2:2),2학기 이상,40 UK credits,60 UK credits (30 ECTS),도시 — 셰필드 도심에 위치,영어,IELTS 6.5점 이상 또는 TOEFL iBT 88점 이상,도심 도보권 캠퍼스 · 여름학기 프로그램 운영 · 러셀 그룹 소속 종합대,GPA:시트 · 어학:웹 · 수업언어:시트 · 전공:시트 · 위치:AI추정,https://sheffield.ac.uk/globalopps,globalopps@sheffield.ac.uk
UNITED KINGDOM,University of Reading,모든 전공,교환학생 수용하는 모든 학과,3.0/4.0,2학기 이상,20 ECTS,30 ECTS,준도시 — 소도시 레딩 시내 (런던에서 기차 약 25분),영어,IELTS 6.5점 이상 또는 TOEFL iBT 88점 이상 또는 CPE C 이상 또는 TEEP 6.5점 이상,교내 기숙사 제공 · 학업·행정·복지 지원 제공 · 1학기만 수강 시 시험 대체 과제 가능 · QS 2025 세계 200위권 종합대,GPA:시트 · 어학:웹 · 수업언어:시트 · 전공:시트 · 위치:AI추정,https://studyabroad.reading.ac.uk/incoming/,studyabroad@reading.ac.uk
UNITED KINGDOM,University of Exeter,모든 전공,"대부분 학부 개방(의·약·법 제외), Sport Sciences(St Lukes), Earth and Environmental Sciences 등(Penryn)",2.8/4.0,4학기 이상 (2년),확인필요,45 Exeter credits (22.5 ECTS),준도시 — 소도시 엑서터 시내 (런던에서 기차 약 2시간 10분),영어,IELTS 6.5점 이상 또는 TOEFL iBT 90점 이상,기숙사 보장·조기신청 필요 · 전담 인바운드 팀·온라인 상담 · 30+ 학과 모듈 선택 가능 · 러셀 그룹 소속·경영 트리플크라운 인증,GPA:시트 · 어학:웹 · 수업언어:시트 · 전공:시트 · 위치:AI추정,https://www.exeter.ac.uk/study/studyabroadprogrammes/,inbound@exeter.ac.uk
UNITED KINGDOM,University of Essex,모든 전공,교환학생 수용하는 모든 학과,제한 없음/명시 없음,명시 없음,60 Essex credits (30 ECTS),60 Essex credits (30 ECTS),준도시 — 소도시 콜체스터 시내 (런던에서 기차 약 50분),영어,"IELTS 6.0점 이상 (전 밴드 5.5, 학부) 또는 TOEFL iBT 88점 이상","GPA 요건 없음 · 기숙사 계약 시 전체 학년 기간 의무 · 트라이메스터제 운영(9월-6월), 여름학기 단독 수강 불가 · 영국 연구 중심 공립대",GPA:시트 · 어학:웹 · 수업언어:시트 · 전공:시트 · 위치:AI추정,https://www.essex.ac.uk/study-abroad/incoming-students/exchange-programme,incomingexchange@essex.ac.uk
UNITED KINGDOM,University of Bradford,모든 전공,교환학생 수용하는 모든 학과,2.5/4.0,2학기 이상,20 ECTS,60 ECTS,도시 — 브래드퍼드 도심에 위치,영어,IELTS 6.0점 이상 또는 TOEFL iBT 80점 이상 또는 Duolingo 110점 이상 또는 PTE Academic 62점 이상,도심 도보권 캠퍼스 · 국제 기회 팀 지원 · 150개국 이상 교환 프로그램 · 28일 이상 해외 인턴십 필수,GPA:시트 · 어학:웹 · 수업언어:시트 · 전공:시트 · 위치:AI추정,https://www.bradford.ac.uk/study/abroad/,studyabroad@bradford.ac.uk
UNITED KINGDOM,University of Bristol,모든 전공,교환학생 수용하는 모든 학과(협정교 교환프로그램 홈페이지 또는 Fact Sheet 참고),"3.0/4.0 (또는 3.5/5.0, 80/100)",2학기 이상 (1년),60 Bristol credits (30 ECTS),60 Bristol credits (30 ECTS),준도시 — 브리스틀 도심까지 버스 약 15분,영어,IELTS Academic 6.5점 이상 또는 TOEFL iBT 88점 이상,트라이메스터제(9월·1월 입학 가능) · QS 최상위권 종합대,GPA:시트 · 어학:시트 · 수업언어:시트 · 전공:시트 · 위치:AI추정,https://www.bristol.ac.uk/centre-for-study-abroad/inbound/study-abroad-programmes-at-bristol/study-abroad-general-pathway/,cfsa-inbound@bristol.ac.uk
UNITED KINGDOM,York St John University,모든 전공,교환학생 수용하는 모든 학과,2.6/4.0,명시 없음 (권장 1학기),30 ECTS,30 ECTS,준도시 — 소도시 요크 시내 (리즈에서 기차 약 120분),영어,IELTS 6.0점 이상 또는 Duolingo 105점 이상 또는 PTE 59점 이상 또는 TOEFL iBT 75점 이상,연 200명+ 교환학생 수용 · 1학기 또는 2학기(1년) 선택 가능,GPA:시트 · 어학:웹 · 수업언어:시트 · 전공:시트 · 위치:AI추정,https://www.yorksj.ac.uk/international/study-abroad-and-exchange/study-abroad-at-york-st-john,studyabroad@yorksj.ac.uk
UNITED KINGDOM,University of Leeds,모든 전공,교환학생 수용하는 모든 학과,3.0/4.0,2학기 이상,25 UK credits,30 UK credits,도시 — 리즈 도심에 위치,영어,IELTS 6.0점 이상 또는 TOEFL iBT 80점 이상 (0-120) 또는 TOEFL iBT 4점 이상 (1-6),도심 도보권 캠퍼스 · 교환학생 기숙사 보장 · 학기제(1학기/1년) 선택 가능 · QS 세계 100위권 종합대,GPA:시트 · 어학:웹 · 수업언어:시트 · 전공:시트 · 위치:AI추정,https://www.leeds.ac.uk/international-exchange-and-study-abroad,studyabroad@leeds.ac.uk
UNITED KINGDOM,University of the West of England(UWE Bristol),경영대학/예술대학,교환학생 수용하는 모든 학과,담당자 이메일 문의,제한 없음,명시 없음 (권장 15 ECTS 이상),30 ECTS,준도시 — 브리스틀 도심까지 버스 약 20분,영어,공인성적 불요 (수강 가능 수준),공인 어학성적 없이 지원 가능 · 공항 환영 서비스·국제학생 오리엔테이션 제공 · 영국 남서부 브리스톨 소재 종합대,GPA:이메일문의 · 어학:시트 · 수업언어:시트 · 전공:시트 · 위치:AI추정,https://www.uwe.ac.uk/study/international-study-exchange/apply-for-an-exchange,studyabroad@uwe.ac.uk
UNITED KINGDOM,Durham University,모든 전공,교환학생 수용하는 모든 학과 개방,3.0/4.0,2학기 이상,120 Durham credits (연간),120 Durham credits (연간),준도시 — 소도시 더럼 시내 (뉴캐슬어폰타인 기차 약 30분),영어,IELTS 6.5점 이상 또는 TOEFL iBT 92점 이상,"교환학생 기숙사 보장 · 전담 글로벌 기회 팀·개인 칼리지 튜터 지원 · 비유럽 13개국 50+ 대학 파트너 · 120학점(6과목) 이수, 최대 3개 학과 선택",GPA:시트 · 어학:웹 · 수업언어:웹 · 전공:시트 · 위치:AI추정,https://www.durham.ac.uk/global-durham/global-opportunities/incoming-opportunities/non-european-incoming-exchange/,incoming.exchange@durham.ac.uk
UNITED KINGDOM,University of Central Lancashire,모든 전공,대부분 학부 개방(의·치·간호·수의 등 제외),담당자 이메일 문의,과목 수준별 상이,60 UK credits (연간 120),60 UK credits (연간 120),준도시 — 소도시 프레스턴 시내 (맨체스터에서 기차 약 45분),영어,IELTS 6.0점 이상 또는 TOEFL iBT 80점 이상,교내 기숙사 옵션 제공 · 전 세계 100개 대학 파트너십 · 의학·치의학·조산학 등 일부 전공 제외,GPA:이메일문의 · 어학:시트 · 수업언어:확인필요 · 전공:웹 · 위치:AI추정,https://www.lancashire.ac.uk/study/global-opportunities/international-exchange-students,globalopportunities@lancashire.ac.uk
UNITED KINGDOM,Birmingham City University,모든 전공,"모든 학과 개방(Art, Design, Business, Computing, Engineering, Health, Education, Life Sciences, Music, Acting, Fine Art, Jewellery 등)",담당자 이메일 문의,제한 없음,60 BCU credits (30 ECTS),60 BCU credits (30 ECTS),도시 — 버밍엄 도심에 위치,영어,IELTS 6.0점 이상 (전 밴드 5.5 이상),"도심 도보권 캠퍼스 · 1~2학기 선택 가능, 홈교 학점 인정 · 영국 내 현대·국제적 대학",GPA:이메일문의 · 어학:시트 · 수업언어:시트 · 전공:시트 · 위치:AI추정,https://www.bcu.ac.uk/international/go-abroad-at-bcu,goabroad@bcu.ac.uk
UNITED KINGDOM,University of Southampton,모든 전공,모든 학과 개방,3.0/4.0,2학기 이상,30 ECTS,30 ECTS,도시 — 사우샘프턴 도심에 위치,영어,IELTS 6.5점 이상,도심 도보권 캠퍼스 · QS 세계 100위권 종합대,GPA:시트 · 어학:시트 · 수업언어:시트 · 전공:시트 · 위치:AI추정,https://sway.cloud.microsoft/crKH1ECjA0trPUqY,studyabroad@soton.ac.uk
UNITED STATES,"University at Albany, State University of New York(SUNY)",모든 전공,교환학생 수용하는 모든 학과 개방,확인필요,제한 없음,확인필요,확인필요,도시 — 올버니 도심에 위치,영어,TOEFL iBT 79점 이상 또는 IELTS 6.5점 이상 또는 PTE 53점 이상,도심 도보권 캠퍼스 · 뉴욕주립대 시스템 소속 공립 종합대,GPA:확인필요 · 어학:웹 · 수업언어:시트 · 전공:시트 · 위치:AI추정,,
UNITED STATES,Hawaii Pacific University,모든 전공,교환학생 수용하는 모든 학과 개방(4000/7000급·Honors·8주 과정 제외),2.75/4.0,1학기 이상,12 US credits,17 US credits,도시 — 호놀룰루 도심에 위치,영어,TOEFL iBT 70점 이상 또는 IELTS 6.0점 이상 또는 Duolingo 105점 이상 또는 PTE 48점 이상,도심 도보권 캠퍼스 · 파트너 30개국 40개교 이상,GPA:시트 · 어학:웹 · 수업언어:시트 · 전공:웹 · 위치:AI추정,https://www.hpu.edu/study-abroad/incoming-exchange.html,incomingexchange@hpu.edu
UNITED STATES,Clarkson University,모든 전공,교환학생 수용하는 모든 학과,2.5/4.0,3~4학기 이상,12 US credits (약 4과목),18 US credits (약 6과목),"준도시 — 소도시·마을(포츠담) 소재, 시러큐스에서 버스 약 5시간",영어,TOEFL iBT 80점 이상 또는 IELTS 6.5점 이상 (English Ability Form 대체 가능),"교환학생 기숙사 보장, 아파트형 기숙사 배정 · 공학·경영·예술과학 분야 강점",GPA:시트 · 어학:웹 · 수업언어:시트 · 전공:시트 · 위치:AI추정,https://www.clarkson.edu/international-center/international-students-and-scholars/inbound-exchange,cbailey@clarkson.edu
UNITED STATES,North Park University,모든 전공,교환학생 수용하는 모든 학과,2.75/4.0,2학기 이상,12 US credits,17 US credits,준도시 — 시카고 도심까지 지하철 약 15분,영어,TOEFL iBT 71점 이상 또는 IELTS 6.0점 이상 또는 Duolingo 105점 이상,"교내 기숙사 신청 가능 (F1 비자 학생 대상, $250 보증금) · 국제학생 지원 (Office of International Affairs)",GPA:시트 · 어학:시트 · 수업언어:시트 · 전공:시트 · 위치:AI추정,www.northpark.edu/international,medrake@northpark.edu
UNITED STATES,Washington State University,경영대학,교환학생 수용하는 모든 학과,3.0/4.0,2학기 이상,12 US credits,18 US credits,"준도시 — 소도시·마을(풀먼) 소재, 스포캔에서 버스 약 2시간",영어,IELTS 6.5점 이상 또는 TOEFL iBT 4점 이상 (2026년 신척도 1~6) 또는 Duolingo 105점 이상,"기숙사 보장·조기신청 권장, 아파트 신청 가능 · 기숙사 계약 1개월 전 해지 가능, 식사 플랜 권장 · 공립 연구중심 종합대",GPA:시트 · 어학:시트 · 수업언어:시트 · 전공:시트 · 위치:AI추정,https://ip.wsu.edu/education-abroad/program-types/inbound-exchange/,ip.exchange@wsu.edu
UNITED STATES,University of Texas at Dallas,모든 전공,교환학생 수용하는 모든 학과,3.0/4.0,2학기 이상,12 US credits,18 US credits (권장 15),준도시 — 소도시 리처드슨 시내 (댈러스에서 버스/기차 약 30분),영어,TOEFL iBT 80점 이상 또는 IELTS 6.5점 이상 또는 Duolingo English Test 105점 이상 또는 PTE Academic 67점 이상,국제학생 오리엔테이션·크로스컬처 활동 제공 · 수강 과목 홈교 학점 인정 필수 확인 · 연구 중심 공학·응용과학 특성화,GPA:시트 · 어학:시트 · 수업언어:시트 · 전공:시트 · 위치:AI추정,https://ie.utdallas.edu/go-abroad/incoming-exchange/,oie@utdallas.edu
UNITED STATES,University of Massachusetts Boston,모든 전공,"학부/대학원 모든 학과 개방(경영/경제/수학/커뮤니케이션 등), 단 간호대·ESL·인턴십·캡스톤 과정 제외",2.5/4.0,2학기 이상,12 US credits (학부) / 9 (대학원),17 US credits (학부) / 12 (대학원),준도시 — 보스턴 도심까지 버스 약 15분,영어,TOEFL iBT 4점 이상 (2026-01-21 이후) 또는 TOEFL iBT 79점 이상 (2026-01-21 이전) 또는 IELTS 6.0점 이상 또는 Duolingo 105점 이상,교내 기숙사 미보장·조기신청 필요 · 교환학생 전용 오리엔테이션 제공 · 필수 보험·교통비·기숙사 신청비 발생,GPA:시트 · 어학:웹 · 수업언어:시트 · 전공:웹 · 위치:AI추정,https://www.umb.edu/academics/global-programs/international-exchange-students/,studyabroad@umb.edu
UNITED STATES,University of Illinois Springfield,모든 전공,교환학생 수용하는 모든 학과,2.75/4.0,1~2학기 이상,12 US credits,18 US credits,준도시 — 소도시 스프링필드 시내 (시카고에서 버스+기차 약 2시간 30분),영어,TOEFL iBT 80점 이상,"교내 기숙사 필수 · 파트너 7개국 대학 · 1학기 생활비 6,500달러",GPA:시트 · 어학:웹 · 수업언어:시트 · 전공:시트 · 위치:AI추정,https://www.uis.edu/study-away/exchange-students,blute2@uis.edu; sap@uis.edu
UNITED STATES,University of Houston,모든 전공,대부분 학부 개방(특정 단과대학 제한 있음),2.5/4.0,2학기 이상,12 US credits (24 ECTS),18 US credits (36 ECTS),준도시 — 휴스턴 도심까지 버스 약 15분,영어,TOEFL iBT 79점 이상 또는 IELTS 6.5점 이상 또는 Duolingo 105점 이상,파트너 15개교 이상 운영 · 홈교 학비 납부·제한적 수수료,GPA:시트 · 어학:시트 · 수업언어:시트 · 전공:웹 · 위치:AI추정,https://uh.edu/learningabroad/find-a-program/exchange-programs/#incoming,acarruth@central.uh.edu
UNITED STATES,Brandeis University,모든 전공,교환학생 수용하는 모든 학과,3.0/4.0,2학기 이상,12 US credits,22 US credits,"준도시 — 소도시·마을(월섬) 소재, 보스턴에서 기차 약 20분",영어,TOEFL iBT 90점 이상 또는 IELTS 6.5점 이상,기숙사 보장 · 국제 교환학생 전용 오리엔테이션 · 필수 보험·여행 지원 서비스,GPA:시트 · 어학:시트 · 수업언어:시트 · 전공:시트 · 위치:AI추정,https://www.brandeis.edu/abroad/study-at-brandeis/incoming-exchange/index.html,arikramer@brandeis.edu
UNITED STATES,Boise State University,모든 전공,교환학생 수용하는 모든 학과,담당자 이메일 문의,담당자 이메일 문의,담당자 이메일 문의,담당자 이메일 문의,도시 — 보이시 도심에 위치,영어,TOEFL iBT 68점 이상 또는 IELTS 6.0점 이상 또는 Duolingo 100점 이상 또는 PTE Academic 50점 이상,도심 도보권 캠퍼스 · 미국 아이다호 주 보이시 소재 공립대,GPA:이메일문의 · 어학:웹 · 수업언어:시트 · 전공:시트 · 위치:AI추정,On fact sheet,internationalinfo@boisestate.edu
UNITED STATES,Arizona State University,경영대학,교환학생 수용하는 모든 학과 개방,제한 없음/명시 없음,홈교 기준,12 US credits (학부) / 9 (대학원),18 US credits,준도시 — 소도시 템피 시내 (피닉스 도심에서 버스 약 45분),영어,TOEFL iBT 79점 이상 또는 IELTS 6.5점 이상 또는 PTE 58점 이상 또는 Duolingo 105점 이상,GPA 요건 없음 · 교내 기숙사 미보장·조기신청 필요 · 연 150명+ 교환학생 수용 · 필수 건강 보험 가입,GPA:시트 · 어학:웹 · 수업언어:시트 · 전공:시트 · 위치:AI추정,https://goglobal.asu.edu/international/application,ASUExchangeStudent@asu.edu
UNITED STATES,University of Wyoming,모든 전공,교환학생 수용하는 모든 학과,2.75/4.0 (공학 3.0/4.0),2학기 이상,12 US credits,18 US credits,준도시 — 소도시 라라미 시내 (덴버에서 버스/기차 약 2시간),영어,TOEFL iBT 71점 이상 또는 IELTS 6.0점 이상 또는 CET-4 (학부)/CET-6 (대학원),기숙사 입주 가능 · 오리엔테이션 제공 · 필수 보험 가입 필요 · R1 연구 중심 대학,GPA:시트 · 어학:시트 · 수업언어:시트 · 전공:시트 · 위치:AI추정,https://www.uwyo.edu/uwyoabroad/incoming-students/incoming-exchange-and-study-abroad-students/index.html,salt@uwyo.edu
UNITED STATES,University of South Florida,모든 전공,교환학생 수용하는 모든 학과,2.5/4.0,명시 없음 (권장 2~3학기),12 US credits,15 US credits,준도시 — 탬파 도심까지 버스 약 15분,영어,TOEFL iBT 79점 이상 또는 IELTS 6.5점 이상 또는 Duolingo 110점 이상,"장학금 및 재정 지원 가능, 주외 학생 수수료 면제 혜택 · 플로리다 주립대 시스템 소속 공립 연구중심대",GPA:시트 · 어학:시트 · 수업언어:시트 · 전공:시트 · 위치:AI추정,https://www.usf.edu/world/education-abroad/applying-going/incoming-exchange.aspx,ea-exchanges@usf.edu
UNITED STATES,Indiana University,경영대학,교환학생 수용하는 모든 학과,3.0/4.0,4학기 이상,12 US credits,18 US credits,준도시 — 소도시 블루밍턴 시내 (인디애나폴리스에서 버스 약 2시간),영어,TOEFL iBT 79점 이상 또는 IELTS 6.5점 이상 또는 Duolingo 115점 이상,기숙사 신청 가능·교내 외 숙소 광고 포털 제공 · 교환학생 전담 담당자(Quynh Luong) 및 오리엔테이션 제공 · 학기 시작 전 주 도착 필요·12-18학점 필수 등록 · 경영학부(Kelley School of Business) 특성화,GPA:시트 · 어학:웹 · 수업언어:시트 · 전공:시트 · 위치:AI추정,https://kelley.iu.edu/undergraduate/academics/study-abroad/international-exchange-students.html,ksbexch@iu.edu
UNITED STATES,University of North Carolina at Greensboro,모든 전공,교환학생 수용하는 모든 학과,2.7/4.0,2학기 이상,12 US credits,15 US credits,준도시 — 소도시 그린즈버러 시내 (샬럿에서 버스/기차 약 90분),영어,TOEFL iBT 79점 이상 또는 IELTS 6.0점 이상 (undergraduate) 또는 IELTS 6.5점 이상 (graduate) 또는 Duolingo 110점 이상,국제학생 지원 및 글로벌 학습 경험 강화,GPA:시트 · 어학:시트 · 수업언어:시트 · 전공:시트 · 위치:AI추정,global.uncg.edu,dmbrown2@uncg.edu
UNITED STATES,State University of New York at Buffalo,모든 전공,교환학생 수용하는 모든 학과(일부 학과 제한 있음),3.0/4.0,2학기 이상,12 US credits,19 US credits (학부) / 16 (대학원),준도시 — 버펄로 도심까지 버스 약 15분,영어,TOEFL iBT 70점 이상 또는 IELTS 6.0점 이상,교환학생 기숙사 보장·조기신청 필요 · 50개 이상 대학 파트너십 · 특정 과목 수강 제한 · 뉴욕주립대 시스템 소속 종합대,GPA:시트 · 어학:웹 · 수업언어:시트 · 전공:시트 · 위치:AI추정,https://www.buffalo.edu/educationabroad/incomingexchangeandvisitingstudents.html,keo@buffalo.edu
UNITED STATES,The Pennsylvania State University,모든 전공,교환학생 수용하는 모든 학과,3.0/4.0,4학기 이상,12 US credits,19 US credits (연간 30),준도시 — 소도시 스테이트 칼리지 시내 (필라델피아에서 버스+기차 약 2시간),영어,TOEFL iBT 80점 이상 (신척도 4.5) 또는 IELTS 6.5점 이상 또는 Duolingo 120점 이상,"교내 기숙사 및 식사 제공 · 기숙사 거주 시 예방접종 필수 · 펜실베이니아 주립대, 미국 최대 공립대 중 하나",GPA:시트 · 어학:웹 · 수업언어:시트 · 전공:시트 · 위치:AI추정,https://global.psu.edu/landing/incoming-exchange-students,eaexchanges@psu.edu
UNITED STATES,University of Wisconsin-Milwaukee,모든 전공,교환학생 수용하는 모든 학과,3.0/4.0,2학기 이상,12 US credits,18 US credits,도시 — 밀워키 도심에 위치,영어,TOEFL iBT 79점 이상 또는 IELTS 6.5점 이상 또는 Duolingo 105점 이상 또는 PTEA 56점 이상,도심 도보권 캠퍼스 · 기숙사 미보장·조기신청 필요 · 전담 매니저 지원 · 연 200명+ 교환학생 수용,GPA:시트 · 어학:웹 · 수업언어:시트 · 전공:시트 · 위치:AI추정,https://uwm.edu/cie/partner/exchange-partners/incoming-exchange-students/,conways@uwm.edu
UNITED STATES,Bentley University,모든 전공,교환학생 수용하는 모든 학과 개방,3.3/4.0,4학기 이상,12 US credits,18 US credits,"준도시 — 소도시·마을(월섬) 소재, 보스턴에서 버스 약 20분",영어,영어능력 증명 제출 (형식 자유),"교내 기숙사 신청 가능 · J-1 비자 필수, DS-2019 발급 · 경영·금융 특성화 대학",GPA:시트 · 어학:시트 · 수업언어:웹 · 전공:시트 · 위치:AI추정,https://www.bentley.edu/offices/international-education/exchange-program,cdeichmann@bentley.edu
UNITED STATES,Michigan State University,경영대학,교환학생 수용하는 모든 학과,2.0/4.0,명시 없음,24 US credits,30 US credits,준도시 — 소도시 이스트랜싱 시내 (디트로이트에서 버스+기차 약 3시간),영어,TOEFL iBT 79점 이상 (2026년 1월 21일 이전) 또는 TOEFL iBT 4점 이상 (2026년 1월 21일 이후) 또는 IELTS 6.5점 이상 또는 Duolingo 110점 이상,교환학생 전용 오리엔테이션 및 앰배서더 지원 · 미국 최대 규모의 종합대학 중 하나,GPA:시트 · 어학:시트 · 수업언어:시트 · 전공:시트 · 위치:AI추정,https://americansemester.isp.msu.edu/,msuex@msu.edu
UNITED STATES,"University of California, Santa Cruz",모든 전공,교환학생 수용하는 모든 학과,2.4/4.0,2학기 이상,12 US credits/쿼터,19 US credits/쿼터,준도시 — 소도시 산타크루즈 시내 (샌프란시스코에서 버스/기차 약 45분),영어,TOEFL iBT 80점 이상 또는 IELTS 6.5점 이상 또는 Duolingo 115점 이상,기숙사 조기 신청 필요 · 교환학생 전용 오리엔테이션 · 파트너 30여 개국 50+ 대학 · 트라이메스터제 학사일정,GPA:시트 · 어학:웹 · 수업언어:시트 · 전공:시트 · 위치:AI추정,https://issp.ucsc.edu/students/exchange/,istudent@ucsc.edu
UNITED STATES,The University of Texas at Austin,모든 전공,교환학생 수용하는 모든 학과,담당자 이메일 문의,2학기 이상,12 US credits,17 US credits,준도시 — 오스틴 도심까지 버스 약 15분,영어,TOEFL iBT 79점 이상 또는 IELTS 6.5점 이상,연 130개교 이상 파트너 대학 · 세계 40위권 종합대,GPA:이메일문의 · 어학:시트 · 수업언어:시트 · 전공:시트 · 위치:AI추정,https://global.utexas.edu/isss/advising-services/student-exchange-program,inbound-exchange@austin.utexas.edu
UNITED STATES,San Jose State University,모든 전공,교환학생 수용하는 모든 학과,2.75/4.0,1학기 이상,12 US credits,16 US credits,도시 — 새너제이 도심에 위치,영어,"TOEFL iBT 61점 이상 또는 IELTS 6.0점 이상 또는 PTE 44점 이상 또는 Duolingo 95점 이상 (Engineering: TOEFL iBT 80+, IELTS 6.5+, PTE 53+)",도심 도보권 캠퍼스 · 공학 특성화,GPA:웹 · 어학:시트 · 수업언어:시트 · 전공:시트 · 위치:AI추정,https://www.sjsu.edu/isss/scholars/exchange/,suzanne.pendergrass@sjsu.edu
UNITED STATES,College of Charleston,경영대학,교환학생 수용하는 모든 학과,2.75/4.0,2학기 이상,12 US credits (24 ECTS),15 US credits (30 ECTS),준도시 — 소도시 찰스턴 시내 (샬럿에서 버스 및 기차 환승 약 2시간),영어,TOEFL iBT 80점 이상 또는 iTEP 3.8점 이상 또는 IELTS 6.5점 이상 또는 Duolingo 105점 이상,DS-2019 발급 후 J-1 비자 신청 필요,GPA:시트 · 어학:시트 · 수업언어:시트 · 전공:시트 · 위치:AI추정,https://charleston.edu/international/international-students/incoming-exchange-students.php,intlstudents@cofc.edu
UNITED STATES,University of North Carolina at Chapel Hill,문헌정보학과,Any major within the College of Arts and Sciences,2.8/4.0,1학기 이상,12 US credits (학부),18 US credits,준도시 — 소도시 채플힐 시내 (롤리에서 버스 약 20분),영어,TOEFL 85점 이상 또는 IELTS 6점 이상 또는 Duolingo 130점 이상,미국 최고 역사 공립대,GPA:시트 · 어학:시트 · 수업언어:시트 · 전공:시트 · 위치:AI추정,https://studyabroad.unc.edu/incoming-exchange/program-overview/,incoming_exchange@unc.edu
UNITED STATES,Florida State University,모든 전공,교환학생 수용하는 모든 학과,3.0/4.0,1학기 이상,12 US credits,15 US credits (12 초과 시 SKKU 승인 필요),준도시 — 소도시 탤러해시 시내 (올랜도에서 버스+기차 약 4시간),영어,TOEFL iBT 80점 이상 또는 IELTS 6.5점 이상 또는 Duolingo 120점 이상,필수 건강 보험 정책 · FAMU-FSU 공학대 운영,GPA:시트 · 어학:시트 · 수업언어:시트 · 전공:시트 · 위치:AI추정,https://globalexchanges.fsu.edu/index.cfm?FuseAction=Programs.ViewProgramAngular&id=27974,inboundexchange@fsu.edu
VIET NAM,VinUniversity,경영대학,교환학생 수용하는 모든 학과,2.5/4.0,2학기 이상,12 credits,22 credits,준도시 — 하노이 도심까지 버스 약 45분,영어,IELTS 6.5점 이상 또는 TOEFL iBT 79점 이상 또는 PTE Academic 58점 이상 또는 Cambridge English CAE 176점 이상,비영어권이지만 전 과정 영어 수업 · 기숙사 미보장·조기신청 필요 · I-GESA 장학금 지원 · I-GESA 장학금(400만 VND) 제공,GPA:시트 · 어학:시트 · 수업언어:시트 · 전공:시트 · 위치:AI추정,https://vinuni.edu.vn/global_exchange/home/,incomingexchange@vinuni.edu.vn
